date,id,cpm
4/9/2020 14:52,9,1165.9
4/7/2020 22:22,9,1124.101
4/6/2020 17:12,11,1110.792
4/8/2020 10:20,15,1076.755
4/10/2020 10:03,4,1067.926
4/7/2020 18:27,11,1045.566
4/9/2020 10:25,12,1039.211
4/9/2020 5:37,11,990.809
4/9/2020 14:24,1,982.982
4/8/2020 9:48,15,979.036
4/10/2020 15:27,12,971.447
4/7/2020 22:26,4,958.155
4/9/2020 4:41,9,957.927
4/8/2020 1:48,14,948.248
4/8/2020 4:20,15,933.548
4/9/2020 1:59,4,917.947
4/8/2020 5:51,9,907.116
4/9/2020 16:24,4,907.011
4/9/2020 21:50,11,906.478
4/8/2020 12:56,4,898.681
4/9/2020 22:59,11,881.39
4/10/2020 20:19,6,881.22
4/10/2020 22:12,6,862.384
4/7/2020 5:45,9,857.436
4/10/2020 5:08,11,850.142
4/9/2020 18:56,12,847.39
4/7/2020 17:59,13,843.354
4/8/2020 3:51,12,843.266
4/7/2020 13:43,9,835.43
4/7/2020 1:40,1,826.627
4/9/2020 5:45,12,826.178
4/6/2020 0:49,15,812.563
4/9/2020 14:06,12,804.021
4/9/2020 0:57,12,803.206
4/6/2020 22:10,14,800.47
4/10/2020 15:37,11,790.51
4/9/2020 22:21,11,787.874
4/10/2020 15:32,13,778.636
4/9/2020 15:07,11,777.785
4/10/2020 15:26,9,768.972
4/9/2020 22:02,9,763.964
4/10/2020 9:13,4,763.625
4/10/2020 3:20,13,761.321
4/10/2020 20:22,4,756.936
4/10/2020 6:09,11,753.593
4/7/2020 2:57,13,751.714
4/10/2020 15:46,4,747.75
4/9/2020 0:48,12,746.135
4/8/2020 16:51,12,743.573
4/8/2020 17:01,13,736.799
4/10/2020 12:18,9,735.202
4/10/2020 17:51,14,733.066
4/10/2020 6:33,11,730.99
4/10/2020 22:30,11,727.352
4/9/2020 15:11,9,726.972
4/7/2020 11:34,11,725.554
4/9/2020 18:09,6,722.304
4/9/2020 5:47,13,721.347
4/8/2020 12:10,15,719.531
4/8/2020 18:49,12,719.251
4/10/2020 13:02,13,717.687
4/10/2020 4:31,11,715.593
4/9/2020 15:50,9,714.641
4/10/2020 16:50,6,713.566
4/10/2020 16:39,13,713.144
4/10/2020 14:54,4,707.894
4/10/2020 9:44,12,706.718
4/9/2020 11:18,4,706.032
4/9/2020 15:26,6,704.891
4/10/2020 13:40,4,703.562
4/10/2020 16:02,9,700.705
4/10/2020 12:33,1,698.982
4/10/2020 20:35,4,698.903
4/10/2020 4:54,14,694.282
4/10/2020 15:21,4,690.462
4/10/2020 21:00,15,689.953
4/9/2020 9:23,4,689.66
4/10/2020 3:02,6,688.594
4/10/2020 10:35,6,685.914
4/10/2020 11:20,13,681.496
4/10/2020 22:54,9,680.606
4/10/2020 4:56,14,679.808
4/10/2020 17:24,1,679.776
4/10/2020 13:02,11,676.965
4/10/2020 11:57,14,675.213
4/9/2020 3:03,13,662.564
4/10/2020 22:54,15,660.984
4/10/2020 16:07,11,659.363
4/10/2020 21:59,12,655.883
4/10/2020 11:14,6,653.606
4/10/2020 11:58,11,653.561
4/9/2020 17:27,1,650.775
4/9/2020 20:50,14,647.508
4/10/2020 15:46,11,645.991
4/10/2020 1:16,11,644.284
4/10/2020 22:59,12,641.94
4/10/2020 8:15,13,641.433
4/10/2020 1:20,14,640.232
4/9/2020 16:18,11,639.423
4/8/2020 17:27,9,637.421
4/10/2020 6:14,13,631.483
4/7/2020 6:29,15,629.206
4/10/2020 20:00,4,628.249
4/10/2020 14:44,14,623.859
4/10/2020 17:13,4,621.61
4/10/2020 9:56,9,618.882
4/10/2020 8:38,9,618.155
4/9/2020 12:32,13,617.596
4/10/2020 8:43,13,617.335
4/7/2020 10:51,11,616.445
4/9/2020 23:19,11,615.49
4/10/2020 3:24,13,609.419
4/9/2020 16:08,12,608.967
4/10/2020 9:46,6,608.109
4/9/2020 23:08,6,607.058
4/10/2020 22:33,15,606.655
4/10/2020 19:15,9,606.437
4/9/2020 17:15,11,604.648
4/9/2020 17:37,1,599.32
4/10/2020 2:42,14,595.903
4/9/2020 15:22,4,593.718
4/10/2020 9:53,11,592.172
4/10/2020 17:55,14,590.959
4/10/2020 15:15,1,590.615
4/10/2020 4:15,14,585.076
4/9/2020 16:05,13,584.606
4/9/2020 15:59,11,582.375
4/8/2020 12:33,14,579.794
4/10/2020 4:24,6,578.572
4/10/2020 17:02,6,578.387
4/7/2020 17:30,13,574.825
4/9/2020 7:55,12,573.042
4/10/2020 19:26,6,568.679
4/9/2020 23:42,9,568.56
4/9/2020 5:59,12,561.098
4/10/2020 20:50,1,557.558
4/9/2020 13:28,12,556.197
4/10/2020 6:36,4,555.82
4/10/2020 7:08,14,550.999
4/10/2020 19:43,12,550.455
4/10/2020 14:03,9,547.649
4/9/2020 19:33,1,542.351
4/10/2020 17:11,13,541.965
4/10/2020 13:58,1,534.193
4/10/2020 7:02,6,533.319
4/10/2020 3:36,11,530.463
4/9/2020 11:24,11,529.802
4/10/2020 14:05,4,528.089
4/9/2020 21:42,14,527.213
4/10/2020 0:59,12,526.397
4/10/2020 13:56,1,526.186
4/10/2020 15:58,1,524.037
4/7/2020 5:17,6,522.477
4/10/2020 10:35,1,521.974
4/10/2020 8:52,12,521.509
4/10/2020 21:07,14,518.427
4/10/2020 13:31,4,517.876
4/9/2020 17:09,1,517.274
4/10/2020 11:09,9,516.544
4/9/2020 5:14,4,514.516
4/10/2020 20:07,4,514.165
4/10/2020 16:09,9,504.507
4/9/2020 17:05,13,502.196
4/9/2020 21:59,9,500.457
4/10/2020 3:22,13,499.109
4/9/2020 15:11,13,496.291
4/10/2020 0:27,9,492.87
4/8/2020 23:18,13,489.817
4/7/2020 22:05,14,489.493
4/10/2020 13:23,6,485.18
4/9/2020 12:31,13,484.209
4/9/2020 19:42,12,484.198
4/10/2020 17:53,9,482.303
4/10/2020 15:11,14,480.157
4/10/2020 5:41,9,476.034
4/10/2020 18:01,14,473.326
4/8/2020 15:54,6,471.874
4/10/2020 15:44,9,470.217
4/10/2020 12:38,1,468.22
4/9/2020 20:39,13,467.946
4/10/2020 16:22,1,463.879
4/10/2020 15:20,14,462.274
4/10/2020 16:44,9,458.804
4/10/2020 12:33,11,456.892
4/10/2020 18:28,1,456.105
4/10/2020 0:29,13,454.608
4/9/2020 21:34,6,454.211
4/10/2020 14:53,12,451.649
4/9/2020 15:12,9,450.493
4/10/2020 3:12,11,444.763
4/10/2020 15:32,4,442.565
4/9/2020 15:02,11,440.572
4/6/2020 14:45,1,434.343
4/9/2020 23:33,13,433.392
4/10/2020 15:02,6,432.536
4/9/2020 18:28,6,432.087
4/10/2020 5:46,12,431.722
4/10/2020 8:48,14,431.145
4/8/2020 22:32,13,430.63
4/10/2020 9:20,14,426.112
4/8/2020 15:13,15,420.118
4/10/2020 1:13,11,419.594
4/10/2020 11:20,11,419.197
4/10/2020 6:11,14,416.41
4/9/2020 21:11,6,407.958
4/10/2020 19:08,9,407.847
4/9/2020 20:33,13,402.456
4/10/2020 12:11,12,393.783
4/10/2020 1:31,13,391.449
4/9/2020 21:30,9,390.213
4/9/2020 19:52,11,387.603
4/10/2020 22:39,13,380.194
4/10/2020 14:03,6,377.66
4/10/2020 9:19,4,376.322
4/9/2020 18:00,9,376.259
4/10/2020 7:42,6,373.177
4/9/2020 15:21,11,372.335
4/10/2020 3:20,9,367.635
4/10/2020 5:00,12,366.364
4/10/2020 15:41,6,363.713
4/9/2020 19:19,11,358.35
4/9/2020 19:59,14,347.382
4/10/2020 5:17,4,345.481
4/10/2020 9:28,4,343.741
4/10/2020 10:41,9,338.541
4/9/2020 15:14,4,335.354
4/10/2020 22:11,15,321.944
4/9/2020 20:23,4,319.952
4/10/2020 11:23,13,318.601
4/9/2020 23:13,9,315.104
4/10/2020 6:18,12,306.57
4/9/2020 23:55,1,304.269
4/10/2020 2:25,14,290.584
4/9/2020 20:21,12,288.524
4/10/2020 16:32,4,286.733
4/10/2020 5:41,14,269.968
4/8/2020 9:51,13,263.925
4/10/2020 13:21,6,261.434
4/10/2020 8:24,11,261.227
4/9/2020 11:43,14,260.457
4/10/2020 0:49,14,259.354
4/9/2020 15:31,1,255.891
4/10/2020 2:50,9,246.584
4/10/2020 3:56,4,244.04
4/10/2020 10:37,4,237.915
4/10/2020 18:36,11,237.328
4/10/2020 3:50,13,233.055
4/10/2020 7:54,4,232.481
4/10/2020 19:49,12,228.254
4/9/2020 21:21,12,227.203
4/10/2020 19:49,12,223.51
4/10/2020 21:38,9,221.898
4/7/2020 22:02,1,221.516
4/10/2020 16:31,6,221.384
4/10/2020 19:49,12,218.318
4/9/2020 20:11,13,207.662
4/10/2020 10:09,6,207.568
4/10/2020 19:49,12,207.253
4/10/2020 12:23,14,207.118
4/10/2020 20:20,13,206.643
4/9/2020 20:45,4,201.656
4/10/2020 20:54,4,200.936
4/8/2020 16:20,13,200.786
4/9/2020 20:12,13,200.395
4/10/2020 19:49,12,199.576
4/9/2020 20:12,13,199.575
4/10/2020 20:14,13,199.41
4/8/2020 16:39,13,197.449
4/10/2020 7:43,13,197.053
4/10/2020 20:14,13,196.502
4/8/2020 17:04,4,195.535
4/9/2020 20:22,13,194.969
4/9/2020 20:11,13,194.946
4/10/2020 20:54,4,192.666
4/9/2020 20:22,13,191.996
4/8/2020 16:39,13,191.771
4/9/2020 7:50,13,191.315
4/9/2020 7:01,12,188.247
4/10/2020 19:49,12,187.499
4/8/2020 16:20,13,187.323
4/9/2020 7:50,13,185.236
4/10/2020 20:20,13,183.256
4/10/2020 7:43,13,181.872
4/9/2020 7:01,12,178.937
4/9/2020 20:46,4,178.063
4/8/2020 17:04,4,176.457
4/10/2020 12:23,14,171.027
4/10/2020 19:49,12,166.738
4/9/2020 7:00,12,166.661
4/10/2020 19:49,12,165.034
4/8/2020 16:41,13,158.052
4/9/2020 11:43,14,156.42
4/9/2020 7:01,12,150.635
4/8/2020 16:41,13,149.224
4/9/2020 7:00,12,141.321
4/9/2020 15:42,12,138.838
4/10/2020 19:49,12,138.789
4/8/2020 16:41,13,137.769
4/9/2020 16:10,6,136.75
4/10/2020 19:49,12,135.584
4/10/2020 20:20,13,132.627
4/9/2020 20:12,13,130.871
4/9/2020 20:11,13,130.807
4/10/2020 19:50,12,129.984
4/8/2020 16:24,15,128.815
4/8/2020 16:41,13,127.789
4/10/2020 20:51,12,126.182
4/10/2020 20:51,12,125.555
4/8/2020 16:19,13,125.13
4/9/2020 20:12,13,123.293
4/8/2020 16:24,15,122.754
4/8/2020 16:35,15,122.64
4/10/2020 20:20,13,122.443
4/8/2020 16:35,15,121.678
4/9/2020 20:11,13,121.026
4/10/2020 19:49,12,120.091
4/10/2020 20:54,4,119.92
4/9/2020 20:22,13,119.798
4/10/2020 20:14,13,119.469
4/10/2020 20:14,13,118.269
4/10/2020 7:44,13,118.266
4/8/2020 17:04,4,118.103
4/10/2020 20:29,13,117.919
4/10/2020 7:43,13,117.769
4/10/2020 20:51,12,117.31
4/10/2020 19:49,12,116.897
4/9/2020 7:50,13,116.819
4/8/2020 16:39,13,116.58
4/9/2020 7:01,12,115.485
4/10/2020 7:55,13,114.978
4/9/2020 20:41,13,114.835
4/9/2020 20:45,4,114.521
4/8/2020 21:30,12,114.375
4/10/2020 19:50,12,113.926
4/8/2020 17:04,4,113.447
4/10/2020 20:29,13,113.072
4/8/2020 17:03,12,112.971
4/10/2020 20:51,12,112.647
4/8/2020 22:07,11,111.595
4/10/2020 20:51,12,111.494
4/8/2020 16:20,13,111.333
4/9/2020 20:46,4,110.977
4/9/2020 7:44,13,110.675
4/8/2020 16:34,14,109.98
4/8/2020 21:30,12,109.96
4/9/2020 20:41,14,109.392
4/8/2020 16:39,14,109.362
4/10/2020 19:48,12,109.279
4/8/2020 16:24,15,109.219
4/8/2020 16:54,14,108.932
4/10/2020 20:28,13,108.497
4/9/2020 7:00,12,108.352
4/9/2020 20:22,13,108.344
4/8/2020 16:28,13,108.144
4/8/2020 17:03,12,107.011
4/8/2020 10:42,14,106.595
4/9/2020 7:50,13,106.356
4/8/2020 16:39,13,106.234
4/10/2020 7:21,13,106.092
4/9/2020 7:57,13,105.985
4/9/2020 20:34,13,105.843
4/10/2020 19:50,12,105.827
4/8/2020 21:30,12,105.27
4/8/2020 16:35,15,105.131
4/9/2020 20:34,13,105.042
4/8/2020 16:37,13,104.815
4/8/2020 16:52,12,104.701
4/8/2020 16:29,13,104.579
4/9/2020 7:00,12,104.166
4/10/2020 20:28,13,103.797
4/8/2020 16:52,12,103.294
4/10/2020 20:51,12,103.008
4/9/2020 20:00,13,102.967
4/9/2020 19:53,14,102.844
4/10/2020 7:21,13,102.391
4/10/2020 20:04,13,102.274
4/10/2020 20:17,14,102.131
4/8/2020 22:07,11,101.975
4/9/2020 9:33,12,101.824
4/10/2020 20:17,14,101.767
4/10/2020 20:54,4,100.857
4/8/2020 10:42,14,100.645
4/9/2020 9:33,12,100.518
4/8/2020 16:52,12,99.965
4/8/2020 16:37,13,99.813
4/9/2020 7:57,13,99.505
4/9/2020 20:00,13,99.219
4/8/2020 16:34,14,98.923
4/8/2020 16:54,14,98.78
4/8/2020 16:40,14,98.564
4/10/2020 20:51,12,98.146
4/9/2020 7:44,13,97.79
4/10/2020 7:55,13,97.514
4/8/2020 16:35,15,97.429
4/8/2020 17:03,12,97.132
4/10/2020 19:48,12,97.1
4/8/2020 16:52,12,96.733
4/9/2020 20:41,13,96.607
4/8/2020 16:24,15,96.232
4/10/2020 19:48,12,95.569
4/10/2020 20:04,13,95.375
4/10/2020 20:51,12,95.145
4/9/2020 20:41,14,94.404
4/9/2020 9:33,12,91.454
4/8/2020 16:24,15,91.272
4/10/2020 19:50,12,91.141
4/8/2020 21:30,12,90.618
4/8/2020 16:35,15,89.475
4/9/2020 20:11,13,88.963
4/8/2020 17:03,12,88.918
4/8/2020 16:41,13,88.796
4/10/2020 20:51,12,88.564
4/9/2020 20:12,13,87.913
4/9/2020 20:11,13,87.246
4/9/2020 7:01,12,85.337
4/10/2020 19:48,12,85.019
4/10/2020 19:50,12,84.325
4/8/2020 17:02,12,83.976
4/8/2020 16:41,13,83.87
4/8/2020 16:52,12,83.769
4/8/2020 16:34,15,83.655
4/10/2020 20:20,13,82.249
4/9/2020 9:33,12,82.133
4/10/2020 19:48,12,81.556
4/9/2020 11:43,14,81.494
4/8/2020 16:24,15,80.939
4/10/2020 20:20,13,80.124
4/8/2020 16:52,12,79.822
4/10/2020 20:14,13,79.82
4/10/2020 12:23,14,79.637
4/10/2020 20:14,13,79.517
4/9/2020 20:45,4,79.44
4/9/2020 9:33,12,79.17
4/10/2020 20:52,12,79.158
4/10/2020 19:50,12,78.925
4/10/2020 12:23,14,78.488
4/8/2020 17:03,12,78.118
4/10/2020 20:52,12,77.898
4/10/2020 19:50,12,77.756
4/10/2020 20:29,13,77.033
4/9/2020 7:50,13,76.741
4/8/2020 16:39,13,76.264
4/9/2020 20:46,4,76.258
4/8/2020 17:04,4,75.741
4/9/2020 7:00,12,75.494
4/10/2020 20:29,13,74.597
4/10/2020 20:51,12,74.509
4/10/2020 7:43,13,74.286
4/8/2020 21:30,12,74.243
4/9/2020 20:12,13,74.019
4/9/2020 11:43,14,73.283
4/8/2020 16:28,13,73.272
4/10/2020 20:53,4,73.104
4/10/2020 7:44,13,73.099
4/10/2020 20:51,12,73.045
4/9/2020 7:01,12,73.004
4/8/2020 16:19,13,72.966
4/9/2020 20:00,13,72.914
4/10/2020 7:21,13,72.723
4/8/2020 21:30,12,72.509
4/10/2020 19:48,12,72.355
4/8/2020 10:42,14,72.234
4/8/2020 16:11,15,71.832
4/9/2020 7:01,12,71.694
4/8/2020 16:11,15,71.669
4/8/2020 22:07,11,71.612
4/9/2020 20:12,13,71.217
4/9/2020 7:50,13,71.165
4/8/2020 17:02,12,70.614
4/10/2020 19:50,12,70.351
4/9/2020 7:01,12,70.033
4/8/2020 16:37,13,69.971
4/8/2020 22:07,11,69.967
4/8/2020 17:04,4,69.958
4/9/2020 20:12,13,69.829
4/9/2020 20:22,13,69.816
4/10/2020 19:48,12,69.81
4/10/2020 20:52,12,69.416
4/8/2020 16:31,15,69.295
4/9/2020 20:34,13,69.224
4/10/2020 20:17,14,69.156
4/9/2020 20:41,14,69.069
4/8/2020 16:39,13,69.063
4/9/2020 20:23,13,69.058
4/8/2020 16:20,13,68.762
4/8/2020 16:52,12,68.759
4/8/2020 21:30,12,68.601
4/10/2020 19:50,12,68.56
4/10/2020 20:04,13,68.141
4/8/2020 17:02,12,67.878
4/10/2020 20:28,13,67.516
4/10/2020 20:50,12,67.366
4/8/2020 16:11,15,67.272
4/10/2020 19:48,12,67.244
4/10/2020 8:50,12,67.239
4/9/2020 20:41,13,67.216
4/8/2020 16:52,12,66.655
4/8/2020 16:39,14,66.574
4/10/2020 19:50,12,66.474
4/8/2020 16:31,15,66.433
4/8/2020 16:54,14,66.38
4/9/2020 7:44,13,66.328
4/10/2020 7:55,13,66.313
4/8/2020 20:55,12,66.241
4/10/2020 20:29,13,66.089
4/9/2020 20:11,13,65.97
4/8/2020 16:29,13,65.894
4/10/2020 20:52,12,65.883
4/9/2020 7:57,13,65.773
4/10/2020 20:29,13,65.506
4/10/2020 20:29,13,65.459
4/9/2020 7:00,12,65.415
4/8/2020 16:37,13,65.349
4/8/2020 16:24,15,65.315
4/10/2020 20:51,12,65.191
4/9/2020 7:01,12,64.886
4/8/2020 16:34,15,64.79
4/8/2020 20:56,12,64.749
4/8/2020 16:11,15,64.73
4/8/2020 16:40,14,64.583
4/8/2020 16:34,14,64.538
4/9/2020 20:41,13,64.531
4/9/2020 9:33,12,64.044
4/9/2020 20:00,13,63.976
4/8/2020 17:03,12,63.853
4/10/2020 7:21,13,63.785
4/10/2020 20:31,12,63.641
4/10/2020 7:55,13,63.28
4/8/2020 16:24,15,63.233
4/8/2020 16:35,15,62.922
4/10/2020 19:48,12,62.525
4/8/2020 16:33,15,62.393
4/9/2020 9:33,12,62.194
4/8/2020 16:20,15,61.798
4/8/2020 16:33,15,61.762
4/8/2020 16:52,12,61.526
4/8/2020 16:20,15,61.481
4/10/2020 20:54,4,61.462
4/10/2020 19:48,12,61.4
4/10/2020 19:50,12,61.308
4/9/2020 20:12,13,61.18
4/10/2020 8:51,12,61.078
4/9/2020 20:41,14,60.965
4/9/2020 7:00,12,60.933
4/8/2020 16:31,15,60.88
4/9/2020 20:12,13,60.869
4/9/2020 20:35,13,60.838
4/10/2020 19:48,12,60.754
4/10/2020 20:31,12,60.722
4/9/2020 7:01,12,60.615
4/10/2020 20:32,12,60.603
4/8/2020 16:33,15,60.546
4/10/2020 19:50,12,60.451
4/9/2020 7:57,13,60.252
4/10/2020 8:50,12,60.095
4/10/2020 19:47,12,60.043
4/9/2020 7:44,13,59.992
4/8/2020 16:34,14,59.969
4/10/2020 19:48,12,59.937
4/8/2020 16:33,15,59.888
4/10/2020 20:31,12,59.766
4/8/2020 16:54,14,59.736
4/10/2020 20:52,12,59.606
4/8/2020 10:42,14,59.57
4/8/2020 21:30,12,59.362
4/8/2020 16:31,15,59.318
4/8/2020 16:34,15,59.155
4/10/2020 20:17,14,59.081
4/8/2020 16:55,12,58.876
4/8/2020 16:20,15,58.749
4/10/2020 20:31,12,58.308
4/8/2020 17:03,4,58.254
4/10/2020 7:21,13,57.683
4/10/2020 19:51,12,57.657
4/10/2020 20:52,12,57.291
4/10/2020 20:08,13,57.277
4/10/2020 7:44,13,57.019
4/10/2020 20:50,12,56.981
4/8/2020 16:42,13,56.908
4/10/2020 8:51,12,56.474
4/10/2020 20:04,13,56.439
4/8/2020 17:02,12,56.369
4/10/2020 19:51,12,56.367
4/10/2020 19:47,12,56.286
4/10/2020 20:52,12,56.082
4/9/2020 20:45,4,55.961
4/8/2020 16:55,12,55.956
4/10/2020 8:51,12,55.881
4/8/2020 20:55,12,55.635
4/8/2020 17:02,12,55.6
4/8/2020 21:30,12,55.567
4/8/2020 16:41,13,55.553
4/10/2020 20:31,12,55.54
4/10/2020 8:50,12,55.472
4/10/2020 8:51,12,55.157
4/10/2020 20:31,12,55.079
4/9/2020 20:23,13,55.045
4/8/2020 16:33,15,54.941
4/10/2020 20:54,4,54.715
4/8/2020 16:20,15,54.683
4/10/2020 20:15,13,54.373
4/8/2020 20:56,12,54.284
4/8/2020 16:31,15,54.02
4/8/2020 16:30,13,54.018
4/10/2020 20:53,4,53.948
4/8/2020 16:51,12,53.524
4/10/2020 20:50,12,53.481
4/9/2020 20:23,13,53.47
4/8/2020 16:11,15,53.46
4/8/2020 17:03,12,53.401
4/8/2020 16:54,12,53.366
4/8/2020 16:20,15,53.238
4/8/2020 16:20,13,53.162
4/8/2020 16:39,13,53.133
4/8/2020 16:52,12,53.126
4/8/2020 16:55,12,53.102
4/10/2020 20:05,13,53.07
4/10/2020 7:43,13,53.064
4/8/2020 16:39,13,53.053
4/8/2020 16:51,12,53.045
4/8/2020 22:07,11,52.921
4/8/2020 16:39,12,52.911
4/10/2020 20:09,13,52.904
4/8/2020 16:24,15,52.891
4/10/2020 12:23,14,52.736
4/10/2020 13:36,13,52.467
4/8/2020 16:26,15,52.457
4/9/2020 20:22,13,52.42
4/9/2020 9:33,12,52.411
4/8/2020 16:52,12,52.41
4/9/2020 7:49,13,52.271
4/8/2020 16:31,15,52.255
4/8/2020 16:11,15,52.065
4/10/2020 20:32,12,51.922
4/8/2020 16:24,15,51.853
4/8/2020 16:55,12,51.495
4/10/2020 20:14,13,51.406
4/10/2020 20:50,12,51.385
4/9/2020 20:24,13,51.347
4/9/2020 7:01,12,51.311
4/9/2020 20:22,13,51.207
4/8/2020 20:56,12,51.155
4/8/2020 21:52,13,51.018
4/8/2020 16:42,12,50.993
4/8/2020 16:30,13,50.908
4/8/2020 21:30,12,50.841
4/9/2020 6:38,12,50.776
4/10/2020 20:52,12,50.615
4/8/2020 16:24,15,50.403
4/9/2020 9:41,12,50.391
4/9/2020 20:46,4,50.344
4/10/2020 19:47,12,50.231
4/8/2020 16:19,13,49.987
4/8/2020 16:54,12,49.917
4/8/2020 16:11,15,49.908
4/9/2020 9:41,12,49.884
4/8/2020 17:03,12,49.854
4/8/2020 21:29,12,49.834
4/10/2020 20:50,12,49.761
4/10/2020 19:47,12,49.665
4/9/2020 20:12,13,49.513
4/8/2020 16:42,12,49.437
4/10/2020 12:23,14,49.295
4/8/2020 16:33,15,49.275
4/10/2020 20:32,12,49.246
4/9/2020 7:00,12,49.224
4/8/2020 16:34,15,49.016
4/8/2020 17:04,4,49.013
4/8/2020 16:26,15,48.921
4/9/2020 9:33,12,48.81
4/9/2020 7:50,13,48.773
4/8/2020 22:22,13,48.642
4/10/2020 20:31,12,48.609
4/8/2020 21:52,13,48.513
4/8/2020 16:20,15,48.352
4/8/2020 16:52,12,48.234
4/10/2020 8:50,12,48.232
4/8/2020 16:26,15,48.225
4/9/2020 9:34,12,48.138
4/9/2020 7:00,12,48.11
4/9/2020 9:42,12,48
4/9/2020 7:44,13,47.943
4/10/2020 13:36,13,47.742
4/8/2020 17:02,12,47.735
4/10/2020 7:55,13,47.626
4/10/2020 20:21,13,47.596
4/8/2020 16:53,12,47.565
4/8/2020 22:22,13,47.556
4/8/2020 16:35,15,47.501
4/9/2020 6:38,12,47.474
4/10/2020 19:51,12,47.427
4/10/2020 19:47,12,47.417
4/10/2020 8:50,12,47.365
4/10/2020 20:28,13,47.345
4/8/2020 16:25,15,47.293
4/8/2020 21:29,12,47.284
4/9/2020 7:01,12,47.264
4/10/2020 20:20,13,47.253
4/8/2020 22:07,11,47.243
4/10/2020 20:20,13,47.232
4/8/2020 16:42,12,47.172
4/9/2020 20:00,13,47.17
4/8/2020 16:39,12,47.166
4/8/2020 16:28,15,47.164
4/10/2020 19:51,12,47.139
4/9/2020 20:12,13,47.091
4/8/2020 16:42,12,47.053
4/10/2020 19:51,12,47.019
4/8/2020 16:29,15,46.994
4/8/2020 10:42,14,46.938
4/10/2020 8:50,12,46.918
4/10/2020 20:53,12,46.917
4/8/2020 16:24,15,46.828
4/10/2020 19:47,12,46.691
4/9/2020 20:41,13,46.651
4/9/2020 20:41,13,46.601
4/9/2020 12:17,13,46.42
4/8/2020 16:34,14,46.387
4/9/2020 7:02,12,46.322
4/10/2020 8:51,12,46.301
4/10/2020 19:51,12,46.283
4/9/2020 20:32,12,46.231
4/8/2020 16:53,12,46.158
4/9/2020 12:17,13,46.102
4/8/2020 16:28,13,45.996
4/8/2020 16:39,12,45.975
4/10/2020 18:51,12,45.83
4/8/2020 16:31,15,45.714
4/8/2020 16:22,15,45.684
4/8/2020 16:31,15,45.548
4/9/2020 6:38,12,45.543
4/8/2020 16:22,15,45.489
4/9/2020 9:34,12,45.352
4/10/2020 19:47,12,45.264
4/10/2020 20:52,12,45.227
4/9/2020 20:23,13,45.207
4/8/2020 17:02,12,45.187
4/9/2020 11:43,14,45.103
4/10/2020 20:17,14,45.058
4/8/2020 16:33,15,45.049
4/8/2020 17:03,12,45.041
4/8/2020 16:39,12,45.04
4/8/2020 16:51,12,44.97
4/10/2020 7:43,13,44.895
4/10/2020 20:15,13,44.883
4/9/2020 20:23,13,44.868
4/9/2020 9:41,12,44.799
4/10/2020 20:17,14,44.758
4/10/2020 9:27,12,44.686
4/9/2020 20:32,12,44.639
4/10/2020 20:50,12,44.56
4/10/2020 20:50,12,44.554
4/8/2020 16:14,15,44.475
4/9/2020 6:38,12,44.458
4/10/2020 18:51,12,44.398
4/10/2020 18:51,12,44.326
4/10/2020 20:32,12,44.31
4/10/2020 20:31,12,44.295
4/8/2020 16:22,15,44.234
4/10/2020 20:49,12,44.234
4/8/2020 16:20,15,44.226
4/9/2020 20:45,4,44.143
4/8/2020 16:54,12,44.042
4/9/2020 20:45,4,43.996
4/8/2020 16:26,15,43.968
4/8/2020 16:31,15,43.941
4/10/2020 19:47,12,43.876
4/8/2020 16:54,14,43.85
4/8/2020 21:29,12,43.832
4/8/2020 16:54,14,43.803
4/8/2020 16:37,13,43.773
4/9/2020 20:11,13,43.768
4/8/2020 21:29,12,43.717
4/10/2020 20:52,12,43.705
4/10/2020 19:46,12,43.661
4/8/2020 16:34,14,43.653
4/8/2020 16:55,12,43.617
4/8/2020 20:48,12,43.532
4/8/2020 16:28,15,43.53
4/8/2020 21:30,12,43.375
4/9/2020 20:45,4,43.359
4/10/2020 20:53,12,43.342
4/10/2020 19:51,12,43.336
4/9/2020 20:46,4,43.278
4/10/2020 8:51,12,43.191
4/8/2020 16:35,15,43.152
4/8/2020 16:53,12,43.141
4/9/2020 20:34,13,43.139
4/8/2020 17:03,12,43.138
4/10/2020 9:27,12,43.103
4/10/2020 7:43,13,43.101
4/8/2020 16:51,12,43.084
4/8/2020 16:37,13,43.025
4/10/2020 19:53,12,43.003
4/9/2020 6:39,12,42.964
4/9/2020 12:18,13,42.935
4/10/2020 19:51,12,42.888
4/10/2020 19:47,12,42.784
4/9/2020 20:00,13,42.777
4/8/2020 16:39,14,42.702
4/8/2020 16:29,13,42.634
4/8/2020 16:25,15,42.629
4/10/2020 19:47,12,42.619
4/8/2020 20:48,12,42.613
4/8/2020 16:27,15,42.585
4/8/2020 16:26,15,42.524
4/9/2020 20:45,4,42.496
4/8/2020 16:34,15,42.476
4/8/2020 16:11,15,42.472
4/8/2020 16:41,13,42.425
4/9/2020 20:32,12,42.415
4/10/2020 18:51,12,42.393
4/8/2020 16:31,15,42.363
4/10/2020 19:51,12,42.345
4/10/2020 20:50,12,42.248
4/8/2020 16:33,15,42.163
4/10/2020 20:14,13,42.163
4/8/2020 16:55,12,42.096
4/8/2020 22:07,11,42.088
4/8/2020 16:39,12,42.067
4/8/2020 16:40,14,42.036
4/10/2020 20:32,12,41.976
4/10/2020 20:53,12,41.967
4/10/2020 20:50,12,41.952
4/10/2020 19:47,12,41.875
4/8/2020 20:55,12,41.868
4/8/2020 16:17,15,41.864
4/8/2020 16:14,15,41.863
4/8/2020 16:31,15,41.859
4/10/2020 20:29,13,41.819
4/9/2020 9:33,12,41.815
4/9/2020 7:57,13,41.791
4/8/2020 10:42,14,41.736
4/10/2020 8:51,12,41.712
4/9/2020 9:34,12,41.606
4/8/2020 16:39,13,41.546
4/9/2020 20:41,14,41.317
4/8/2020 16:25,15,41.293
4/8/2020 16:23,15,41.268
4/8/2020 16:29,15,41.224
4/9/2020 20:32,12,41.072
4/10/2020 7:44,13,41.067
4/8/2020 16:30,15,41.059
4/8/2020 20:48,12,41.025
4/10/2020 8:51,12,40.936
4/10/2020 20:52,12,40.932
4/9/2020 7:02,12,40.795
4/8/2020 21:31,12,40.761
4/8/2020 17:03,12,40.756
4/8/2020 22:07,11,40.755
4/8/2020 16:20,15,40.693
4/9/2020 20:23,13,40.684
4/10/2020 9:27,12,40.648
4/10/2020 19:51,12,40.547
4/10/2020 20:04,13,40.522
4/10/2020 7:56,13,40.519
4/10/2020 19:46,12,40.461
4/9/2020 20:41,14,40.444
4/10/2020 8:50,12,40.417
4/10/2020 20:53,12,40.411
4/9/2020 7:44,13,40.371
4/8/2020 17:03,12,40.362
4/10/2020 19:52,12,40.298
4/8/2020 16:14,15,40.263
4/8/2020 17:02,12,40.069
4/10/2020 20:32,12,40.052
4/8/2020 17:02,12,40.044
4/8/2020 21:29,12,40.033
4/8/2020 16:51,12,40.018
4/10/2020 20:31,12,40.014
4/8/2020 16:12,15,39.981
4/9/2020 20:44,4,39.973
4/8/2020 16:32,15,39.933
4/8/2020 17:03,4,39.906
4/9/2020 7:00,12,39.867
4/9/2020 20:32,12,39.866
4/9/2020 9:33,12,39.838
4/9/2020 11:43,14,39.828
4/10/2020 18:52,12,39.753
4/10/2020 20:53,4,39.731
4/8/2020 16:25,15,39.725
4/10/2020 18:51,12,39.71
4/8/2020 16:20,15,39.663
4/10/2020 7:21,13,39.647
4/9/2020 20:44,4,39.598
4/10/2020 12:23,14,39.515
4/9/2020 20:11,13,39.502
4/8/2020 16:17,15,39.463
4/10/2020 7:21,13,39.458
4/8/2020 16:20,13,39.415
4/8/2020 16:51,12,39.398
4/8/2020 16:40,15,39.347
4/8/2020 16:12,15,39.32
4/8/2020 16:25,15,39.285
4/8/2020 16:25,15,39.236
4/9/2020 20:32,12,39.219
4/8/2020 10:28,15,39.149
4/9/2020 20:35,13,39.113
4/9/2020 20:23,13,39.09
4/8/2020 20:48,12,39.073
4/8/2020 16:40,13,39.002
4/10/2020 20:53,4,38.939
4/10/2020 20:52,12,38.933
4/8/2020 16:19,13,38.888
4/10/2020 20:54,4,38.876
4/9/2020 9:42,12,38.862
4/10/2020 20:28,13,38.835
4/10/2020 20:32,12,38.787
4/8/2020 21:30,12,38.735
4/10/2020 18:51,12,38.734
4/9/2020 7:49,13,38.715
4/8/2020 16:34,15,38.707
4/8/2020 20:55,12,38.694
4/8/2020 16:40,15,38.661
4/8/2020 16:28,15,38.636
4/9/2020 20:24,13,38.631
4/8/2020 16:28,15,38.604
4/9/2020 7:57,13,38.554
4/8/2020 10:28,15,38.539
4/8/2020 16:50,12,38.532
4/10/2020 9:27,12,38.433
4/9/2020 9:42,12,38.421
4/10/2020 20:31,12,38.37
4/10/2020 18:11,9,38.324
4/8/2020 16:54,12,38.291
4/8/2020 20:56,12,38.282
4/8/2020 16:42,13,38.27
4/8/2020 16:34,15,38.263
4/8/2020 17:02,12,38.251
4/8/2020 21:52,13,38.211
4/8/2020 16:26,15,38.205
4/8/2020 16:22,15,38.18
4/9/2020 20:44,4,38.147
4/9/2020 20:32,12,38.14
4/8/2020 16:31,15,38.136
4/10/2020 20:04,13,38.127
4/9/2020 6:38,12,38.117
4/10/2020 20:31,12,38.11
4/8/2020 16:29,15,38.081
4/9/2020 20:41,13,38.07
4/9/2020 20:13,13,38.069
4/10/2020 7:56,13,38.059
4/8/2020 21:52,13,38.027
4/9/2020 9:34,12,38.009
4/8/2020 16:55,12,37.989
4/10/2020 23:19,9,37.985
4/9/2020 20:32,12,37.982
4/9/2020 20:41,14,37.915
4/10/2020 20:08,13,37.902
4/10/2020 23:58,12,37.854
4/9/2020 20:45,4,37.828
4/10/2020 18:51,12,37.828
4/8/2020 16:42,12,37.818
4/10/2020 14:51,12,37.813
4/10/2020 7:44,13,37.798
4/10/2020 20:53,12,37.781
4/10/2020 8:49,12,37.779
4/10/2020 7:55,13,37.77
4/10/2020 20:15,13,37.768
4/8/2020 16:25,15,37.737
4/8/2020 16:25,15,37.724
4/8/2020 17:02,12,37.683
4/8/2020 16:30,15,37.641
4/8/2020 16:32,15,37.607
4/10/2020 19:52,12,37.603
4/10/2020 20:53,12,37.601
4/8/2020 20:48,12,37.545
4/8/2020 16:42,12,37.524
4/9/2020 20:32,12,37.523
4/10/2020 18:51,12,37.479
4/9/2020 7:00,12,37.478
4/10/2020 20:04,13,37.458
4/10/2020 8:51,12,37.412
4/10/2020 20:21,13,37.318
4/8/2020 16:49,12,37.271
4/8/2020 16:28,15,37.221
4/8/2020 16:37,13,37.159
4/10/2020 20:53,12,37.156
4/10/2020 20:58,12,37.154
4/8/2020 21:31,12,37.102
4/8/2020 16:33,15,37.056
4/10/2020 23:38,9,37.025
4/8/2020 16:29,13,36.976
4/9/2020 20:23,13,36.955
4/8/2020 16:53,12,36.895
4/8/2020 16:28,15,36.888
4/10/2020 13:37,13,36.834
4/8/2020 16:28,13,36.807
4/10/2020 8:50,12,36.79
4/10/2020 6:36,9,36.755
4/10/2020 9:27,12,36.734
4/10/2020 20:32,12,36.722
4/8/2020 16:53,12,36.718
4/8/2020 16:21,15,36.673
4/10/2020 20:58,12,36.659
4/9/2020 7:57,13,36.656
4/8/2020 16:25,15,36.603
4/9/2020 7:50,13,36.571
4/8/2020 16:40,15,36.569
4/10/2020 22:56,12,36.556
4/9/2020 9:33,12,36.554
4/10/2020 6:07,12,36.537
4/10/2020 20:14,9,36.503
4/10/2020 19:46,12,36.494
4/9/2020 20:32,12,36.491
4/10/2020 20:50,12,36.484
4/10/2020 11:25,12,36.473
4/10/2020 3:38,9,36.416
4/10/2020 23:20,9,36.397
4/8/2020 16:27,15,36.383
4/10/2020 11:17,9,36.383
4/10/2020 8:51,12,36.337
4/10/2020 20:49,12,36.31
4/9/2020 8:05,12,36.291
4/10/2020 20:52,9,36.291
4/10/2020 8:51,12,36.283
4/8/2020 16:33,15,36.279
4/9/2020 20:32,12,36.263
4/10/2020 20:53,12,36.244
4/10/2020 19:52,12,36.241
4/8/2020 16:11,15,36.215
4/10/2020 20:57,12,36.213
4/8/2020 10:42,14,36.212
4/9/2020 19:39,12,36.199
4/10/2020 9:00,12,36.177
4/10/2020 18:51,12,36.168
4/10/2020 22:36,9,36.148
4/9/2020 20:45,4,36.131
4/10/2020 7:21,13,36.13
4/9/2020 7:00,12,36.091
4/8/2020 20:56,12,36.061
4/10/2020 18:11,9,36.055
4/8/2020 17:04,4,36.045
4/8/2020 16:30,13,36.042
4/8/2020 16:54,12,36.035
4/8/2020 16:23,15,36.03
4/9/2020 9:34,12,36.022
4/10/2020 19:51,12,36.013
4/9/2020 6:39,12,35.995
4/8/2020 16:43,12,35.959
4/10/2020 9:28,12,35.923
4/10/2020 19:58,9,35.92
4/8/2020 16:32,15,35.901
4/10/2020 2:16,12,35.9
4/8/2020 16:17,15,35.898
4/10/2020 19:28,12,35.898
4/8/2020 16:28,15,35.894
4/10/2020 10:56,9,35.89
4/9/2020 20:13,13,35.859
4/8/2020 20:48,12,35.846
4/10/2020 18:50,12,35.837
4/9/2020 18:08,12,35.761
4/8/2020 17:03,4,35.754
4/10/2020 19:46,12,35.738
4/10/2020 19:45,12,35.725
4/9/2020 20:30,13,35.717
4/8/2020 16:35,15,35.712
4/8/2020 16:40,15,35.705
4/10/2020 19:46,12,35.694
4/10/2020 21:53,9,35.665
4/10/2020 20:55,12,35.625
4/9/2020 20:44,4,35.603
4/8/2020 20:48,12,35.577
4/9/2020 20:35,13,35.564
4/8/2020 16:55,12,35.563
4/8/2020 16:26,15,35.539
4/8/2020 16:30,15,35.538
4/8/2020 20:56,12,35.526
4/10/2020 3:40,9,35.517
4/10/2020 20:28,13,35.477
4/10/2020 7:13,9,35.382
4/8/2020 16:17,15,35.38
4/10/2020 8:50,12,35.379
4/10/2020 9:27,12,35.371
4/8/2020 16:54,12,35.354
4/9/2020 20:33,12,35.316
4/10/2020 8:49,12,35.296
4/8/2020 16:53,12,35.292
4/10/2020 11:30,12,35.288
4/9/2020 12:17,13,35.287
4/9/2020 22:26,9,35.286
4/10/2020 20:57,12,35.276
4/10/2020 19:45,12,35.254
4/10/2020 20:33,12,35.25
4/10/2020 18:29,12,35.249
4/8/2020 22:03,12,35.239
4/10/2020 20:11,9,35.239
4/10/2020 9:27,12,35.22
4/8/2020 16:20,15,35.204
4/10/2020 9:13,9,35.188
4/10/2020 19:52,12,35.185
4/9/2020 20:31,12,35.181
4/10/2020 17:36,12,35.18
4/10/2020 18:52,12,35.173
4/10/2020 19:06,9,35.149
4/10/2020 20:50,12,35.148
4/10/2020 20:49,12,35.134
4/8/2020 17:04,12,35.129
4/8/2020 16:40,15,35.123
4/8/2020 16:50,12,35.095
4/9/2020 20:30,13,35.074
4/10/2020 19:53,12,35.068
4/10/2020 8:02,12,35.062
4/8/2020 17:01,12,35.05
4/9/2020 20:12,9,35.049
4/8/2020 10:28,15,35.043
4/8/2020 17:02,12,35.025
4/8/2020 16:34,15,35.02
4/8/2020 21:33,12,34.99
4/9/2020 11:43,14,34.976
4/10/2020 13:36,12,34.96
4/8/2020 16:28,15,34.954
4/8/2020 16:23,15,34.95
4/10/2020 0:44,9,34.945
4/8/2020 16:49,12,34.94
4/10/2020 13:36,13,34.929
4/10/2020 22:58,9,34.911
4/9/2020 11:43,14,34.893
4/10/2020 19:46,12,34.891
4/10/2020 19:46,12,34.888
4/10/2020 8:08,12,34.887
4/9/2020 20:41,13,34.886
4/9/2020 19:39,12,34.885
4/8/2020 16:28,13,34.882
4/9/2020 17:23,9,34.876
4/10/2020 4:21,9,34.851
4/10/2020 5:19,9,34.847
4/10/2020 10:03,9,34.832
4/10/2020 1:16,9,34.815
4/10/2020 1:00,12,34.792
4/10/2020 19:50,9,34.792
4/10/2020 11:56,12,34.784
4/10/2020 17:22,9,34.782
4/10/2020 22:48,9,34.782
4/10/2020 18:49,12,34.773
4/10/2020 9:28,12,34.767
4/10/2020 10:35,12,34.76
4/8/2020 16:12,15,34.757
4/10/2020 7:44,12,34.752
4/10/2020 0:22,9,34.744
4/10/2020 6:57,12,34.734
4/10/2020 18:19,9,34.732
4/10/2020 9:26,12,34.722
4/10/2020 8:51,12,34.711
4/10/2020 16:48,9,34.709
4/9/2020 22:02,12,34.668
4/10/2020 6:07,12,34.666
4/10/2020 10:15,9,34.661
4/8/2020 16:21,15,34.657
4/10/2020 0:42,12,34.647
4/10/2020 16:24,12,34.646
4/10/2020 20:53,4,34.645
4/9/2020 7:02,12,34.639
4/9/2020 18:17,9,34.618
4/9/2020 23:10,9,34.617
4/10/2020 19:41,9,34.614
4/8/2020 17:04,12,34.584
4/10/2020 9:33,12,34.58
4/10/2020 13:36,13,34.539
4/10/2020 19:52,12,34.533
4/10/2020 23:47,12,34.529
4/10/2020 6:09,9,34.501
4/10/2020 20:03,12,34.5
4/8/2020 16:25,15,34.486
4/10/2020 19:45,12,34.479
4/9/2020 17:55,9,34.459
4/8/2020 16:26,15,34.458
4/10/2020 19:46,12,34.455
4/9/2020 20:33,12,34.432
4/10/2020 14:13,9,34.428
4/8/2020 16:42,12,34.425
4/10/2020 17:27,12,34.416
4/10/2020 15:03,12,34.412
4/10/2020 18:36,12,34.402
4/10/2020 2:39,12,34.383
4/10/2020 21:20,12,34.379
4/10/2020 9:28,12,34.357
4/10/2020 18:12,12,34.353
4/10/2020 20:54,12,34.346
4/10/2020 0:03,12,34.345
4/10/2020 23:17,9,34.343
4/8/2020 16:36,15,34.333
4/8/2020 17:03,4,34.317
4/10/2020 20:30,12,34.315
4/8/2020 18:41,12,34.312
4/10/2020 8:48,12,34.302
4/9/2020 20:44,4,34.298
4/8/2020 16:25,15,34.283
4/10/2020 7:02,12,34.281
4/8/2020 20:04,12,34.279
4/9/2020 20:46,12,34.279
4/8/2020 16:39,12,34.27
4/9/2020 20:35,9,34.253
4/8/2020 17:04,12,34.251
4/10/2020 20:49,12,34.232
4/10/2020 22:19,12,34.231
4/9/2020 21:32,12,34.221
4/10/2020 0:13,12,34.218
4/10/2020 4:32,9,34.213
4/9/2020 20:44,4,34.204
4/9/2020 20:10,12,34.201
4/9/2020 6:59,12,34.194
4/10/2020 20:49,12,34.192
4/10/2020 0:53,12,34.185
4/9/2020 6:38,12,34.181
4/9/2020 15:52,12,34.168
4/10/2020 9:27,12,34.166
4/10/2020 21:03,4,34.156
4/10/2020 20:30,12,34.153
4/10/2020 7:30,12,34.152
4/8/2020 16:33,15,34.143
4/9/2020 18:22,12,34.138
4/9/2020 23:41,12,34.111
4/8/2020 16:28,15,34.11
4/10/2020 16:58,12,34.106
4/10/2020 16:28,12,34.102
4/10/2020 11:35,9,34.09
4/9/2020 19:27,12,34.081
4/10/2020 6:15,12,34.078
4/10/2020 18:51,12,34.06
4/10/2020 19:06,12,34.05
4/8/2020 20:38,12,34.04
4/10/2020 20:58,12,34.038
4/10/2020 22:24,12,34.017
4/9/2020 16:16,9,34.012
4/9/2020 20:33,12,34.007
4/10/2020 20:57,12,34.003
4/9/2020 19:55,12,33.996
4/10/2020 19:52,12,33.995
4/10/2020 23:34,12,33.987
4/10/2020 20:20,13,33.97
4/10/2020 3:33,9,33.965
4/10/2020 20:18,9,33.96
4/10/2020 13:46,12,33.957
4/8/2020 16:39,12,33.946
4/10/2020 9:00,12,33.923
4/8/2020 10:28,15,33.908
4/10/2020 20:32,12,33.906
4/10/2020 0:38,9,33.905
4/8/2020 18:26,12,33.89
4/10/2020 17:02,9,33.883
4/10/2020 0:56,12,33.879
4/8/2020 16:34,15,33.856
4/9/2020 16:34,9,33.856
4/8/2020 20:06,12,33.848
4/10/2020 16:53,12,33.847
4/10/2020 12:14,12,33.841
4/10/2020 12:00,9,33.835
4/10/2020 20:54,12,33.835
4/10/2020 7:14,9,33.831
4/8/2020 22:22,13,33.829
4/10/2020 5:11,12,33.822
4/10/2020 21:46,12,33.822
4/8/2020 19:36,12,33.819
4/10/2020 3:00,9,33.819
4/10/2020 9:29,12,33.813
4/9/2020 21:54,12,33.812
4/8/2020 16:20,13,33.788
4/10/2020 14:14,9,33.784
4/8/2020 17:04,12,33.782
4/8/2020 21:29,12,33.776
4/9/2020 19:40,12,33.759
4/10/2020 9:34,9,33.756
4/10/2020 16:13,12,33.752
4/8/2020 17:01,12,33.749
4/8/2020 17:50,12,33.728
4/10/2020 18:48,12,33.727
4/8/2020 20:32,12,33.725
4/9/2020 18:04,12,33.725
4/8/2020 19:06,12,33.716
4/10/2020 17:54,9,33.716
4/10/2020 8:49,12,33.714
4/8/2020 16:42,12,33.712
4/8/2020 17:39,12,33.705
4/8/2020 18:04,12,33.702
4/8/2020 16:33,15,33.694
4/10/2020 19:01,9,33.69
4/10/2020 8:15,9,33.689
4/10/2020 22:01,6,33.689
4/10/2020 17:14,12,33.684
4/9/2020 15:36,12,33.68
4/9/2020 19:22,9,33.677
4/10/2020 19:41,12,33.675
4/10/2020 6:08,9,33.673
4/9/2020 19:31,12,33.669
4/10/2020 16:49,9,33.648
4/10/2020 14:57,9,33.629
4/8/2020 19:29,12,33.622
4/9/2020 9:34,12,33.612
4/10/2020 5:44,12,33.599
4/8/2020 16:34,15,33.598
4/10/2020 12:51,12,33.595
4/10/2020 10:03,9,33.588
4/9/2020 7:57,13,33.585
4/9/2020 20:23,13,33.573
4/10/2020 11:32,9,33.56
4/8/2020 16:28,13,33.556
4/9/2020 20:08,9,33.545
4/10/2020 23:02,12,33.544
4/10/2020 8:51,9,33.542
4/10/2020 5:18,12,33.54
4/10/2020 6:58,9,33.531
4/10/2020 11:17,12,33.529
4/10/2020 12:44,12,33.517
4/10/2020 15:54,12,33.517
4/10/2020 21:42,9,33.514
4/10/2020 16:15,9,33.513
4/10/2020 18:54,12,33.511
4/10/2020 7:18,12,33.51
4/10/2020 23:21,12,33.506
4/10/2020 20:30,12,33.505
4/9/2020 18:13,12,33.496
4/10/2020 11:50,9,33.495
4/10/2020 2:06,9,33.493
4/9/2020 20:29,12,33.492
4/10/2020 20:30,12,33.49
4/10/2020 20:42,9,33.488
4/8/2020 16:20,15,33.487
4/8/2020 16:50,12,33.48
4/8/2020 18:31,12,33.479
4/9/2020 20:00,13,33.472
4/8/2020 16:22,15,33.469
4/10/2020 17:56,12,33.453
4/10/2020 20:46,9,33.445
4/10/2020 4:27,9,33.438
4/10/2020 21:36,12,33.433
4/9/2020 15:56,9,33.431
4/10/2020 9:11,12,33.412
4/10/2020 20:54,12,33.406
4/10/2020 8:29,12,33.405
4/8/2020 22:08,12,33.403
4/10/2020 20:00,9,33.403
4/10/2020 20:54,4,33.402
4/10/2020 2:14,9,33.4
4/10/2020 20:48,12,33.397
4/10/2020 16:13,9,33.393
4/9/2020 17:43,12,33.384
4/10/2020 19:15,9,33.377
4/10/2020 20:58,12,33.377
4/10/2020 21:13,9,33.374
4/10/2020 22:53,9,33.373
4/10/2020 20:53,9,33.366
4/10/2020 23:33,12,33.357
4/9/2020 15:49,12,33.345
4/10/2020 7:50,9,33.338
4/8/2020 18:34,12,33.333
4/8/2020 22:07,11,33.326
4/8/2020 20:34,12,33.325
4/10/2020 2:53,9,33.325
4/10/2020 2:32,12,33.317
4/10/2020 8:16,12,33.317
4/10/2020 19:20,9,33.316
4/10/2020 0:10,12,33.313
4/8/2020 19:32,12,33.309
4/9/2020 23:11,9,33.308
4/10/2020 6:22,9,33.3
4/9/2020 16:50,9,33.298
4/10/2020 20:53,12,33.297
4/10/2020 8:47,12,33.293
4/10/2020 22:50,9,33.289
4/10/2020 17:15,12,33.288
4/10/2020 20:40,12,33.288
4/10/2020 12:08,12,33.281
4/9/2020 18:00,9,33.275
4/9/2020 22:01,9,33.274
4/9/2020 18:55,12,33.273
4/10/2020 13:14,12,33.269
4/10/2020 8:58,9,33.26
4/8/2020 19:34,12,33.252
4/10/2020 22:01,9,33.249
4/8/2020 22:08,12,33.248
4/10/2020 23:18,9,33.244
4/8/2020 20:03,12,33.241
4/10/2020 16:25,9,33.24
4/10/2020 6:44,9,33.226
4/9/2020 22:44,9,33.224
4/10/2020 3:05,12,33.223
4/10/2020 8:46,9,33.219
4/9/2020 20:41,13,33.211
4/10/2020 13:03,12,33.209
4/8/2020 20:37,12,33.2
4/10/2020 20:07,9,33.192
4/8/2020 19:13,12,33.189
4/10/2020 17:14,12,33.187
4/8/2020 20:28,12,33.165
4/10/2020 11:57,9,33.162
4/9/2020 18:40,9,33.157
4/10/2020 2:54,12,33.155
4/10/2020 13:50,9,33.151
4/10/2020 20:13,9,33.151
4/8/2020 18:41,12,33.15
4/8/2020 18:14,12,33.143
4/9/2020 9:34,12,33.139
4/9/2020 22:41,9,33.139
4/10/2020 21:56,9,33.139
4/10/2020 14:05,12,33.13
4/10/2020 22:22,12,33.129
4/10/2020 20:13,9,33.126
4/8/2020 20:56,12,33.124
4/10/2020 11:04,12,33.116
4/10/2020 18:49,12,33.116
4/9/2020 20:47,4,33.106
4/8/2020 16:40,15,33.103
4/8/2020 17:26,12,33.092
4/10/2020 15:53,9,33.089
4/10/2020 3:55,12,33.085
4/8/2020 20:15,12,33.083
4/10/2020 10:54,9,33.081
4/10/2020 19:47,12,33.075
4/10/2020 4:25,12,33.06
4/10/2020 0:29,9,33.055
4/10/2020 16:59,9,33.049
4/10/2020 3:22,9,33.048
4/10/2020 19:46,12,33.048
4/8/2020 17:36,12,33.047
4/10/2020 0:03,9,33.045
4/8/2020 16:29,15,33.039
4/10/2020 15:50,12,33.037
4/10/2020 14:33,9,33.036
4/10/2020 5:01,12,33.035
4/10/2020 1:15,9,33.033
4/10/2020 23:22,12,33.032
4/8/2020 16:39,14,33.029
4/10/2020 7:55,13,33.029
4/10/2020 20:36,12,33.026
4/8/2020 17:04,4,33.012
4/10/2020 7:07,12,33.012
4/8/2020 17:55,12,33.006
4/9/2020 20:40,14,33.004
4/10/2020 2:42,9,33.002
4/10/2020 21:15,9,33.001
4/10/2020 23:15,9,32.999
4/8/2020 18:36,12,32.997
4/10/2020 4:49,12,32.982
4/8/2020 16:54,12,32.974
4/8/2020 20:55,12,32.967
4/10/2020 17:30,9,32.959
4/10/2020 1:45,12,32.958
4/10/2020 13:40,12,32.958
4/10/2020 6:03,12,32.957
4/8/2020 19:13,12,32.955
4/10/2020 9:27,12,32.952
4/10/2020 17:58,12,32.95
4/10/2020 23:43,9,32.944
4/9/2020 20:31,12,32.943
4/10/2020 23:18,9,32.937
4/10/2020 10:39,9,32.923
4/9/2020 17:12,12,32.922
4/10/2020 14:41,12,32.922
4/10/2020 22:53,12,32.917
4/9/2020 20:00,13,32.915
4/8/2020 17:01,12,32.913
4/9/2020 16:11,12,32.908
4/8/2020 16:34,14,32.907
4/10/2020 10:48,9,32.905
4/10/2020 13:14,9,32.895
4/8/2020 19:37,12,32.889
4/9/2020 19:20,9,32.882
4/9/2020 23:49,12,32.878
4/8/2020 16:55,12,32.876
4/10/2020 10:53,9,32.871
4/10/2020 23:28,12,32.869
4/9/2020 20:34,13,32.868
4/10/2020 17:56,9,32.868
4/8/2020 16:54,12,32.864
4/8/2020 19:15,12,32.862
4/9/2020 20:33,12,32.86
4/9/2020 20:33,12,32.858
4/10/2020 13:34,9,32.856
4/10/2020 18:09,9,32.856
4/8/2020 17:01,12,32.854
4/8/2020 22:22,13,32.843
4/8/2020 16:39,12,32.841
4/8/2020 17:09,12,32.839
4/10/2020 16:32,9,32.838
4/9/2020 16:26,9,32.836
4/10/2020 8:52,12,32.834
4/10/2020 7:20,12,32.833
4/9/2020 20:45,4,32.831
4/8/2020 16:51,12,32.828
4/10/2020 20:14,12,32.826
4/10/2020 15:00,9,32.825
4/10/2020 8:52,12,32.824
4/10/2020 23:37,9,32.824
4/8/2020 17:44,12,32.82
4/10/2020 17:02,12,32.819
4/9/2020 17:50,12,32.817
4/10/2020 20:40,12,32.816
4/10/2020 8:14,12,32.815
4/10/2020 12:51,9,32.815
4/8/2020 17:55,12,32.814
4/8/2020 20:47,12,32.813
4/10/2020 18:51,12,32.81
4/9/2020 20:57,12,32.808
4/8/2020 16:51,12,32.8
4/10/2020 0:02,12,32.797
4/9/2020 20:02,12,32.793
4/10/2020 7:44,9,32.793
4/10/2020 19:19,12,32.793
4/10/2020 1:55,9,32.789
4/8/2020 18:49,12,32.787
4/10/2020 0:12,9,32.787
4/8/2020 20:34,12,32.786
4/10/2020 19:46,12,32.779
4/8/2020 20:13,12,32.777
4/8/2020 19:40,12,32.776
4/10/2020 3:44,12,32.765
4/10/2020 6:55,12,32.759
4/9/2020 23:42,12,32.755
4/10/2020 18:53,12,32.75
4/9/2020 20:09,12,32.749
4/10/2020 17:20,9,32.746
4/8/2020 20:04,12,32.744
4/10/2020 23:19,9,32.742
4/10/2020 5:38,9,32.739
4/10/2020 6:45,9,32.733
4/10/2020 22:40,12,32.728
4/9/2020 17:27,9,32.727
4/10/2020 22:57,12,32.727
4/8/2020 20:48,12,32.725
4/10/2020 1:52,12,32.722
4/10/2020 5:41,9,32.716
4/9/2020 19:39,12,32.709
4/10/2020 20:17,13,32.709
4/8/2020 16:55,12,32.708
4/10/2020 22:13,12,32.708
4/8/2020 20:49,12,32.707
4/10/2020 18:53,12,32.706
4/10/2020 8:35,12,32.704
4/10/2020 16:22,9,32.7
4/10/2020 3:11,9,32.695
4/10/2020 23:18,9,32.695
4/8/2020 18:44,12,32.693
4/8/2020 20:16,12,32.69
4/8/2020 17:13,12,32.688
4/8/2020 18:49,12,32.68
4/10/2020 18:49,12,32.669
4/9/2020 16:55,12,32.664
4/10/2020 11:56,12,32.663
4/10/2020 22:12,9,32.662
4/10/2020 6:03,9,32.66
4/8/2020 16:53,12,32.658
4/9/2020 16:46,9,32.651
4/8/2020 20:29,12,32.65
4/10/2020 12:17,12,32.646
4/10/2020 9:32,12,32.632
4/9/2020 20:21,12,32.629
4/8/2020 17:33,12,32.627
4/10/2020 2:20,9,32.622
4/10/2020 15:41,9,32.62
4/10/2020 20:45,9,32.619
4/8/2020 16:54,14,32.615
4/10/2020 11:24,12,32.614
4/10/2020 23:34,12,32.614
4/8/2020 17:04,12,32.611
4/9/2020 7:02,12,32.605
4/10/2020 14:41,12,32.604
4/10/2020 19:12,13,32.601
4/9/2020 21:19,12,32.6
4/10/2020 7:01,12,32.6
4/8/2020 18:45,12,32.599
4/10/2020 18:33,12,32.598
4/8/2020 17:49,12,32.593
4/8/2020 18:29,12,32.583
4/10/2020 17:08,12,32.581
4/9/2020 23:36,12,32.58
4/10/2020 15:37,12,32.58
4/8/2020 19:16,12,32.573
4/8/2020 19:55,12,32.568
4/8/2020 17:12,12,32.567
4/8/2020 16:36,15,32.563
4/10/2020 5:46,12,32.562
4/10/2020 4:08,9,32.559
4/10/2020 17:08,12,32.559
4/9/2020 21:24,12,32.544
4/8/2020 16:54,14,32.537
4/10/2020 13:16,9,32.537
4/10/2020 6:51,9,32.534
4/10/2020 10:49,12,32.534
4/10/2020 23:24,9,32.533
4/9/2020 18:10,12,32.529
4/8/2020 16:34,15,32.527
4/10/2020 16:46,12,32.526
4/10/2020 7:51,9,32.521
4/10/2020 12:54,12,32.521
4/10/2020 18:38,12,32.521
4/10/2020 19:19,12,32.517
4/8/2020 16:14,15,32.51
4/10/2020 16:30,12,32.503
4/9/2020 17:02,12,32.502
4/9/2020 19:21,12,32.501
4/10/2020 8:59,9,32.497
4/10/2020 4:22,12,32.49
4/10/2020 17:11,12,32.489
4/10/2020 22:14,9,32.488
4/10/2020 14:45,12,32.485
4/10/2020 14:04,12,32.48
4/9/2020 23:33,9,32.476
4/10/2020 13:22,9,32.474
4/8/2020 21:33,12,32.469
4/9/2020 20:11,9,32.469
4/8/2020 17:42,12,32.468
4/10/2020 5:03,9,32.468
4/10/2020 6:57,12,32.466
4/10/2020 11:43,12,32.465
4/9/2020 15:26,9,32.464
4/10/2020 23:33,9,32.461
4/9/2020 22:45,9,32.456
4/10/2020 20:44,9,32.456
4/10/2020 16:10,9,32.454
4/10/2020 14:04,12,32.449
4/8/2020 16:42,13,32.448
4/10/2020 8:05,9,32.446
4/10/2020 20:06,13,32.442
4/10/2020 15:34,12,32.44
4/8/2020 18:44,12,32.439
4/10/2020 19:54,12,32.439
4/10/2020 23:53,9,32.436
4/9/2020 23:49,9,32.43
4/10/2020 10:59,12,32.429
4/10/2020 2:44,12,32.428
4/10/2020 7:55,9,32.428
4/10/2020 6:11,12,32.427
4/10/2020 15:13,9,32.424
4/9/2020 16:20,9,32.421
4/10/2020 21:45,12,32.419
4/10/2020 20:42,12,32.411
4/10/2020 21:33,9,32.404
4/10/2020 23:16,9,32.401
4/8/2020 19:17,12,32.4
4/10/2020 13:19,12,32.399
4/8/2020 18:02,12,32.397
4/8/2020 20:10,12,32.397
4/10/2020 19:44,12,32.394
4/10/2020 1:14,12,32.392
4/10/2020 11:47,9,32.392
4/10/2020 13:47,9,32.391
4/10/2020 23:47,12,32.389
4/10/2020 7:21,9,32.379
4/8/2020 16:20,13,32.377
4/8/2020 18:01,12,32.375
4/9/2020 19:32,9,32.374
4/10/2020 20:28,12,32.373
4/8/2020 16:49,12,32.366
4/8/2020 16:40,13,32.363
4/10/2020 7:43,12,32.359
4/10/2020 1:02,12,32.348
4/10/2020 23:10,12,32.344
4/10/2020 8:02,12,32.342
4/9/2020 20:45,4,32.34
4/10/2020 23:21,9,32.34
4/9/2020 15:54,12,32.338
4/8/2020 18:10,12,32.331
4/10/2020 1:06,9,32.328
4/9/2020 19:02,12,32.324
4/10/2020 3:22,9,32.324
4/10/2020 22:27,9,32.318
4/10/2020 10:40,12,32.313
4/10/2020 12:25,12,32.31
4/10/2020 0:12,9,32.307
4/10/2020 6:00,9,32.302
4/10/2020 15:08,12,32.299
4/8/2020 20:45,12,32.297
4/8/2020 17:33,12,32.295
4/8/2020 17:34,12,32.295
4/8/2020 19:11,12,32.291
4/10/2020 5:22,9,32.291
4/10/2020 0:12,9,32.286
4/10/2020 16:10,12,32.286
4/9/2020 22:44,9,32.282
4/10/2020 2:09,12,32.28
4/10/2020 15:06,1,32.28
4/10/2020 22:54,12,32.279
4/8/2020 16:36,15,32.278
4/9/2020 19:39,12,32.275
4/10/2020 19:51,12,32.274
4/10/2020 17:45,9,32.268
4/10/2020 20:37,12,32.267
4/10/2020 3:56,9,32.266
4/8/2020 19:46,12,32.265
4/8/2020 18:10,12,32.264
4/10/2020 5:54,12,32.263
4/10/2020 6:11,9,32.262
4/10/2020 20:06,13,32.259
4/10/2020 0:46,9,32.257
4/10/2020 22:43,12,32.256
4/8/2020 20:17,12,32.253
4/8/2020 16:41,13,32.246
4/9/2020 20:37,12,32.246
4/8/2020 20:39,12,32.245
4/10/2020 15:24,12,32.242
4/9/2020 16:49,9,32.241
4/8/2020 19:49,12,32.238
4/10/2020 13:47,9,32.235
4/10/2020 11:32,12,32.234
4/10/2020 23:46,9,32.228
4/10/2020 20:20,13,32.227
4/10/2020 18:57,12,32.226
4/10/2020 19:02,9,32.225
4/10/2020 21:17,12,32.225
4/10/2020 23:11,9,32.225
4/10/2020 11:47,12,32.221
4/10/2020 10:25,12,32.217
4/8/2020 20:05,12,32.216
4/8/2020 19:29,12,32.209
4/8/2020 18:15,12,32.207
4/10/2020 6:22,9,32.207
4/10/2020 14:19,9,32.206
4/10/2020 21:51,9,32.204
4/9/2020 20:31,12,32.202
4/10/2020 19:43,9,32.202
4/9/2020 20:29,12,32.201
4/10/2020 5:17,9,32.2
4/10/2020 8:26,9,32.199
4/10/2020 22:12,12,32.199
4/10/2020 23:15,9,32.198
4/10/2020 20:48,12,32.196
4/9/2020 16:57,12,32.195
4/8/2020 20:33,12,32.186
4/10/2020 2:08,9,32.186
4/10/2020 16:43,11,32.184
4/8/2020 22:07,12,32.182
4/8/2020 20:33,12,32.181
4/9/2020 18:48,12,32.181
4/10/2020 8:32,9,32.181
4/10/2020 6:07,12,32.18
4/9/2020 22:18,9,32.178
4/10/2020 19:05,9,32.178
4/10/2020 22:09,12,32.178
4/10/2020 0:20,9,32.175
4/8/2020 16:39,12,32.17
4/8/2020 18:50,12,32.165
4/10/2020 14:18,12,32.154
4/8/2020 17:23,12,32.148
4/10/2020 22:27,12,32.143
4/8/2020 16:25,15,32.14
4/10/2020 8:54,12,32.139
4/8/2020 18:07,12,32.138
4/10/2020 0:30,12,32.138
4/8/2020 18:24,12,32.137
4/10/2020 22:59,12,32.137
4/10/2020 18:42,9,32.131
4/9/2020 19:11,9,32.13
4/10/2020 19:26,9,32.13
4/10/2020 6:56,9,32.128
4/9/2020 20:41,13,32.126
4/10/2020 11:54,9,32.118
4/10/2020 20:30,12,32.118
4/9/2020 18:04,12,32.115
4/8/2020 19:55,12,32.112
4/10/2020 23:52,12,32.112
4/10/2020 19:06,12,32.108
4/10/2020 23:18,9,32.104
4/8/2020 16:43,12,32.102
4/8/2020 17:18,12,32.098
4/8/2020 19:23,12,32.097
4/10/2020 19:55,12,32.092
4/10/2020 23:20,9,32.09
4/8/2020 19:10,12,32.089
4/10/2020 12:33,9,32.089
4/10/2020 20:08,13,32.088
4/10/2020 16:00,12,32.087
4/10/2020 3:53,12,32.085
4/10/2020 18:56,12,32.082
4/8/2020 20:45,12,32.08
4/10/2020 7:21,13,32.075
4/8/2020 16:34,15,32.074
4/9/2020 7:44,13,32.073
4/10/2020 12:56,12,32.072
4/9/2020 16:48,9,32.06
4/10/2020 8:50,12,32.058
4/10/2020 5:50,9,32.056
4/10/2020 13:32,9,32.054
4/9/2020 16:58,13,32.05
4/8/2020 20:25,12,32.048
4/8/2020 20:39,12,32.046
4/9/2020 23:52,9,32.046
4/10/2020 10:24,9,32.045
4/10/2020 8:52,12,32.044
4/10/2020 23:34,9,32.044
4/10/2020 0:11,9,32.043
4/10/2020 4:10,12,32.043
4/10/2020 20:14,13,32.038
4/8/2020 18:53,12,32.037
4/10/2020 22:50,12,32.037
4/9/2020 16:21,9,32.036
4/10/2020 20:47,12,32.036
4/8/2020 20:32,12,32.032
4/10/2020 8:05,12,32.03
4/9/2020 7:49,13,32.029
4/10/2020 6:33,9,32.029
4/10/2020 19:53,12,32.025
4/10/2020 11:01,12,32.021
4/8/2020 17:13,12,32.019
4/9/2020 19:05,12,32.019
4/10/2020 12:24,9,32.017
4/10/2020 19:41,12,32.017
4/8/2020 20:09,12,32.016
4/10/2020 6:32,12,32.015
4/9/2020 7:50,13,32.014
4/9/2020 20:22,13,32.012
4/10/2020 2:22,9,32.005
4/10/2020 12:56,12,32.003
4/10/2020 21:33,9,32.001
4/10/2020 16:39,9,31.991
4/9/2020 21:16,12,31.99
4/10/2020 11:50,9,31.99
4/8/2020 16:51,12,31.979
4/10/2020 10:37,12,31.972
4/10/2020 23:44,12,31.963
4/9/2020 18:35,12,31.96
4/10/2020 2:13,12,31.958
4/10/2020 7:44,13,31.951
4/8/2020 16:14,15,31.941
4/10/2020 19:23,13,31.938
4/10/2020 14:19,9,31.936
4/10/2020 13:42,9,31.934
4/10/2020 2:13,12,31.931
4/10/2020 23:30,9,31.931
4/10/2020 20:06,9,31.93
4/9/2020 23:14,9,31.928
4/8/2020 17:11,12,31.924
4/10/2020 2:23,9,31.921
4/10/2020 11:12,9,31.92
4/10/2020 18:30,12,31.912
4/9/2020 18:31,9,31.909
4/10/2020 11:50,12,31.908
4/9/2020 23:46,9,31.907
4/8/2020 17:35,12,31.906
4/10/2020 20:17,14,31.905
4/8/2020 17:19,12,31.903
4/10/2020 9:25,12,31.899
4/8/2020 19:27,12,31.898
4/10/2020 16:21,12,31.898
4/10/2020 2:49,9,31.895
4/10/2020 12:27,9,31.893
4/9/2020 9:34,12,31.892
4/9/2020 16:39,9,31.891
4/9/2020 18:46,9,31.89
4/10/2020 22:00,9,31.89
4/10/2020 23:52,12,31.886
4/10/2020 21:09,9,31.885
4/10/2020 11:15,12,31.882
4/8/2020 18:36,12,31.878
4/9/2020 22:48,9,31.876
4/10/2020 23:54,12,31.876
4/10/2020 5:23,9,31.875
4/10/2020 10:06,9,31.872
4/8/2020 17:04,12,31.869
4/10/2020 8:49,12,31.864
4/10/2020 8:27,12,31.862
4/10/2020 13:53,9,31.862
4/10/2020 3:24,9,31.861
4/10/2020 22:46,12,31.86
4/8/2020 20:47,12,31.854
4/10/2020 10:11,12,31.851
4/10/2020 10:01,9,31.847
4/9/2020 17:28,12,31.838
4/10/2020 6:36,12,31.837
4/9/2020 7:02,12,31.836
4/10/2020 2:18,9,31.833
4/10/2020 18:30,12,31.832
4/10/2020 2:42,9,31.831
4/10/2020 20:58,12,31.831
4/8/2020 18:19,12,31.829
4/9/2020 16:40,12,31.829
4/10/2020 14:38,12,31.827
4/8/2020 19:23,12,31.825
4/10/2020 19:33,12,31.824
4/10/2020 17:26,9,31.821
4/10/2020 18:21,9,31.819
4/10/2020 22:54,12,31.819
4/8/2020 17:06,12,31.818
4/8/2020 19:09,12,31.816
4/10/2020 6:58,9,31.816
4/10/2020 14:01,9,31.815
4/10/2020 9:19,9,31.814
4/8/2020 18:10,12,31.813
4/9/2020 15:28,9,31.813
4/10/2020 5:32,12,31.813
4/10/2020 8:02,11,31.801
4/10/2020 6:42,12,31.799
4/10/2020 16:53,12,31.797
4/10/2020 19:05,12,31.794
4/10/2020 2:35,9,31.793
4/9/2020 15:23,9,31.789
4/10/2020 2:36,12,31.789
4/8/2020 18:37,12,31.788
4/10/2020 14:04,12,31.787
4/10/2020 23:49,12,31.784
4/9/2020 17:01,9,31.782
4/8/2020 18:32,12,31.78
4/10/2020 7:37,11,31.776
4/10/2020 3:32,9,31.775
4/10/2020 18:39,9,31.775
4/10/2020 10:16,9,31.772
4/10/2020 13:13,12,31.771
4/10/2020 20:29,13,31.765
4/10/2020 19:53,12,31.764
4/10/2020 22:17,12,31.757
4/10/2020 20:28,12,31.751
4/10/2020 20:41,12,31.75
4/10/2020 20:03,12,31.749
4/10/2020 9:48,12,31.747
4/10/2020 10:19,9,31.746
4/10/2020 11:12,12,31.743
4/10/2020 17:14,12,31.741
4/10/2020 20:58,12,31.74
4/10/2020 21:47,12,31.738
4/10/2020 19:19,9,31.735
4/9/2020 8:05,12,31.734
4/10/2020 2:30,9,31.734
4/8/2020 19:15,12,31.732
4/9/2020 19:53,9,31.731
4/8/2020 18:34,12,31.73
4/10/2020 0:33,12,31.73
4/10/2020 3:39,12,31.73
4/10/2020 10:34,12,31.729
4/10/2020 6:50,9,31.722
4/10/2020 19:44,9,31.715
4/8/2020 17:57,12,31.713
4/8/2020 18:42,12,31.712
4/10/2020 8:49,12,31.712
4/8/2020 19:07,12,31.711
4/8/2020 19:17,12,31.709
4/9/2020 18:13,9,31.708
4/10/2020 21:34,12,31.708
4/10/2020 23:15,12,31.707
4/8/2020 16:35,15,31.705
4/10/2020 0:59,9,31.704
4/10/2020 5:00,12,31.703
4/10/2020 17:41,9,31.703
4/10/2020 21:02,12,31.702
4/10/2020 9:01,12,31.701
4/9/2020 15:07,12,31.7
4/9/2020 20:33,9,31.7
4/9/2020 22:08,12,31.696
4/10/2020 14:10,12,31.696
4/10/2020 21:20,12,31.695
4/10/2020 20:50,9,31.692
4/10/2020 21:42,12,31.692
4/10/2020 2:25,9,31.691
4/10/2020 11:24,12,31.691
4/9/2020 17:50,9,31.69
4/8/2020 17:48,12,31.686
4/10/2020 17:47,12,31.686
4/10/2020 20:28,9,31.676
4/10/2020 1:29,12,31.666
4/10/2020 11:13,9,31.665
4/9/2020 17:51,9,31.662
4/9/2020 23:30,11,31.662
4/10/2020 22:03,9,31.661
4/8/2020 20:48,12,31.66
4/9/2020 22:50,9,31.659
4/10/2020 14:33,12,31.659
4/10/2020 6:01,9,31.654
4/10/2020 16:03,12,31.654
4/10/2020 1:32,12,31.651
4/10/2020 22:23,9,31.646
4/10/2020 17:26,12,31.644
4/10/2020 6:23,12,31.641
4/10/2020 16:58,12,31.641
4/10/2020 18:26,9,31.638
4/10/2020 5:00,12,31.636
4/10/2020 9:32,12,31.634
4/9/2020 22:11,9,31.631
4/10/2020 9:56,9,31.63
4/8/2020 18:24,12,31.629
4/9/2020 18:45,12,31.626
4/9/2020 18:50,9,31.626
4/10/2020 20:49,12,31.625
4/8/2020 16:23,15,31.623
4/10/2020 22:07,9,31.623
4/8/2020 18:15,12,31.621
4/8/2020 18:35,12,31.621
4/10/2020 11:46,9,31.621
4/10/2020 19:46,12,31.619
4/8/2020 16:40,14,31.618
4/10/2020 22:03,9,31.618
4/10/2020 9:58,9,31.617
4/8/2020 20:02,12,31.613
4/9/2020 16:24,12,31.613
4/10/2020 17:15,9,31.612
4/10/2020 20:48,9,31.612
4/10/2020 3:09,9,31.611
4/10/2020 21:53,9,31.611
4/8/2020 18:55,12,31.61
4/10/2020 1:16,9,31.609
4/10/2020 14:40,9,31.607
4/8/2020 20:15,12,31.606
4/9/2020 16:00,12,31.602
4/8/2020 19:09,12,31.594
4/8/2020 19:46,12,31.594
4/10/2020 15:15,12,31.591
4/8/2020 17:49,12,31.588
4/10/2020 17:25,12,31.588
4/10/2020 21:37,12,31.587
4/8/2020 17:49,12,31.586
4/8/2020 10:28,15,31.585
4/10/2020 21:45,9,31.584
4/8/2020 18:26,12,31.582
4/8/2020 19:46,12,31.581
4/10/2020 14:04,12,31.581
4/10/2020 19:54,12,31.58
4/10/2020 1:00,9,31.576
4/10/2020 22:04,9,31.57
4/10/2020 22:25,9,31.57
4/9/2020 7:44,13,31.569
4/9/2020 15:14,9,31.568
4/9/2020 23:34,9,31.567
4/10/2020 23:54,12,31.565
4/10/2020 23:52,12,31.563
4/10/2020 18:52,9,31.559
4/10/2020 7:23,9,31.558
4/8/2020 20:46,12,31.557
4/9/2020 17:45,12,31.555
4/10/2020 1:10,9,31.555
4/10/2020 16:18,9,31.555
4/8/2020 16:32,15,31.554
4/10/2020 12:59,9,31.554
4/10/2020 4:41,9,31.553
4/10/2020 13:46,9,31.553
4/8/2020 17:04,12,31.551
4/8/2020 16:34,14,31.547
4/9/2020 8:05,12,31.547
4/10/2020 9:39,9,31.543
4/8/2020 17:10,12,31.541
4/10/2020 1:58,9,31.538
4/10/2020 21:49,12,31.538
4/8/2020 19:38,12,31.536
4/10/2020 15:50,9,31.536
4/9/2020 16:48,9,31.534
4/9/2020 18:08,12,31.533
4/8/2020 20:18,12,31.532
4/8/2020 17:27,12,31.531
4/10/2020 13:58,9,31.531
4/9/2020 22:07,12,31.53
4/10/2020 16:58,9,31.53
4/10/2020 20:05,13,31.526
4/10/2020 15:01,9,31.525
4/8/2020 19:51,12,31.523
4/9/2020 22:58,12,31.523
4/8/2020 16:37,13,31.521
4/10/2020 4:25,12,31.52
4/10/2020 10:05,9,31.517
4/10/2020 15:38,9,31.517
4/10/2020 16:00,9,31.517
4/9/2020 17:23,9,31.515
4/10/2020 10:46,9,31.515
4/8/2020 21:31,12,31.514
4/10/2020 7:49,9,31.514
4/10/2020 9:26,9,31.513
4/8/2020 18:11,12,31.512
4/10/2020 9:48,9,31.512
4/10/2020 17:15,12,31.512
4/8/2020 16:36,15,31.51
4/8/2020 20:28,12,31.509
4/10/2020 8:26,12,31.508
4/10/2020 12:34,12,31.508
4/8/2020 19:23,12,31.506
4/10/2020 16:27,9,31.505
4/9/2020 15:15,9,31.501
4/8/2020 21:29,12,31.499
4/9/2020 20:22,13,31.499
4/8/2020 19:48,12,31.498
4/10/2020 15:26,9,31.493
4/8/2020 20:48,12,31.49
4/9/2020 19:39,9,31.49
4/10/2020 4:28,12,31.49
4/9/2020 20:26,9,31.488
4/10/2020 19:52,12,31.487
4/8/2020 16:20,15,31.486
4/10/2020 7:47,9,31.486
4/10/2020 8:07,12,31.481
4/9/2020 20:42,9,31.48
4/10/2020 23:19,9,31.477
4/9/2020 6:38,12,31.475
4/10/2020 2:08,12,31.472
4/10/2020 15:39,9,31.472
4/8/2020 19:35,12,31.471
4/10/2020 21:29,15,31.47
4/10/2020 8:45,9,31.465
4/10/2020 20:58,14,31.465
4/9/2020 18:57,12,31.463
4/10/2020 16:22,9,31.462
4/10/2020 20:53,12,31.462
4/10/2020 2:37,9,31.46
4/10/2020 12:58,12,31.46
4/10/2020 16:17,9,31.46
4/10/2020 20:56,12,31.459
4/10/2020 23:33,12,31.459
4/9/2020 15:36,9,31.457
4/10/2020 4:04,9,31.456
4/10/2020 4:33,12,31.455
4/10/2020 5:50,12,31.455
4/10/2020 8:47,12,31.455
4/9/2020 6:38,12,31.454
4/9/2020 23:25,9,31.454
4/8/2020 19:08,12,31.453
4/10/2020 15:26,12,31.453
4/10/2020 8:22,12,31.447
4/8/2020 17:36,12,31.446
4/8/2020 16:53,12,31.445
4/10/2020 6:37,9,31.442
4/10/2020 3:32,9,31.441
4/10/2020 21:47,9,31.44
4/8/2020 16:43,12,31.439
4/9/2020 18:39,12,31.439
4/10/2020 0:49,12,31.439
4/10/2020 8:00,12,31.439
4/8/2020 17:51,12,31.428
4/8/2020 16:39,13,31.425
4/10/2020 5:34,12,31.425
4/10/2020 9:28,12,31.423
4/9/2020 20:17,12,31.421
4/10/2020 3:08,12,31.421
4/9/2020 23:38,9,31.42
4/10/2020 16:36,9,31.419
4/10/2020 19:48,13,31.419
4/10/2020 22:21,9,31.417
4/10/2020 23:21,9,31.417
4/9/2020 22:15,9,31.415
4/10/2020 8:49,9,31.415
4/8/2020 19:26,12,31.413
4/10/2020 3:17,9,31.413
4/10/2020 7:04,9,31.412
4/10/2020 17:08,13,31.411
4/10/2020 17:06,9,31.41
4/10/2020 21:48,9,31.41
4/8/2020 20:25,12,31.407
4/10/2020 19:21,9,31.407
4/10/2020 7:46,9,31.403
4/10/2020 9:17,9,31.402
4/10/2020 5:41,9,31.401
4/10/2020 12:03,12,31.401
4/9/2020 23:43,12,31.399
4/10/2020 22:25,12,31.398
4/10/2020 4:46,12,31.396
4/10/2020 9:09,9,31.392
4/10/2020 19:09,12,31.391
4/10/2020 21:30,12,31.391
4/10/2020 18:42,9,31.389
4/10/2020 19:39,12,31.389
4/10/2020 11:13,12,31.387
4/9/2020 20:59,9,31.385
4/9/2020 21:36,12,31.382
4/9/2020 15:16,12,31.379
4/10/2020 23:57,12,31.379
4/10/2020 19:26,9,31.377
4/10/2020 13:17,9,31.376
4/9/2020 22:24,12,31.374
4/10/2020 13:46,9,31.374
4/8/2020 19:30,12,31.373
4/8/2020 19:33,12,31.373
4/10/2020 11:40,9,31.371
4/10/2020 8:11,12,31.367
4/10/2020 19:14,9,31.366
4/10/2020 6:53,9,31.364
4/10/2020 20:15,9,31.359
4/8/2020 18:07,12,31.358
4/8/2020 18:04,12,31.357
4/9/2020 18:28,12,31.357
4/10/2020 15:16,9,31.356
4/9/2020 19:55,9,31.355
4/10/2020 12:55,9,31.355
4/8/2020 20:18,12,31.354
4/9/2020 22:30,9,31.354
4/8/2020 18:18,12,31.353
4/10/2020 12:25,9,31.35
4/9/2020 19:50,12,31.347
4/9/2020 7:02,12,31.343
4/10/2020 21:57,12,31.343
4/8/2020 17:44,12,31.342
4/8/2020 18:01,12,31.342
4/9/2020 19:22,9,31.341
4/10/2020 16:00,12,31.341
4/8/2020 16:21,15,31.339
4/9/2020 22:43,12,31.337
4/10/2020 15:35,9,31.336
4/10/2020 14:50,9,31.333
4/10/2020 23:39,9,31.333
4/9/2020 16:12,12,31.33
4/8/2020 19:25,12,31.329
4/10/2020 15:33,12,31.328
4/10/2020 8:24,9,31.326
4/10/2020 12:52,13,31.325
4/10/2020 14:52,9,31.325
4/10/2020 11:37,9,31.322
4/10/2020 19:52,12,31.322
4/10/2020 5:08,9,31.321
4/8/2020 19:04,12,31.318
4/10/2020 15:48,12,31.318
4/10/2020 3:07,9,31.317
4/10/2020 18:15,9,31.317
4/10/2020 22:42,9,31.316
4/10/2020 18:15,9,31.311
4/10/2020 21:24,9,31.31
4/10/2020 14:24,12,31.309
4/10/2020 17:18,9,31.309
4/8/2020 17:45,12,31.307
4/10/2020 17:37,9,31.304
4/10/2020 18:23,9,31.303
4/10/2020 8:58,12,31.302
4/10/2020 15:41,9,31.302
4/10/2020 10:17,12,31.299
4/8/2020 20:37,12,31.298
4/10/2020 13:50,12,31.298
4/9/2020 19:49,12,31.297
4/10/2020 19:40,6,31.297
4/8/2020 17:00,12,31.296
4/8/2020 17:06,12,31.296
4/10/2020 10:08,9,31.296
4/10/2020 9:34,9,31.292
4/10/2020 21:32,13,31.29
4/8/2020 20:40,12,31.287
4/9/2020 15:35,12,31.286
4/10/2020 7:06,9,31.285
4/10/2020 6:28,9,31.283
4/8/2020 16:21,15,31.282
4/10/2020 8:44,12,31.279
4/9/2020 18:33,12,31.276
4/8/2020 18:40,12,31.275
4/10/2020 1:10,9,31.272
4/9/2020 17:23,9,31.27
4/9/2020 18:31,12,31.27
4/10/2020 5:26,6,31.27
4/8/2020 16:53,12,31.268
4/9/2020 21:17,12,31.268
4/10/2020 21:33,9,31.267
4/10/2020 18:35,12,31.266
4/10/2020 19:42,9,31.265
4/10/2020 16:44,12,31.263
4/10/2020 23:11,9,31.262
4/9/2020 20:58,9,31.261
4/10/2020 14:09,9,31.261
4/8/2020 20:44,12,31.26
4/10/2020 14:07,12,31.26
4/8/2020 18:57,12,31.258
4/10/2020 8:50,12,31.258
4/10/2020 6:18,12,31.257
4/10/2020 4:22,9,31.256
4/10/2020 8:23,12,31.255
4/8/2020 17:29,12,31.254
4/10/2020 22:14,12,31.254
4/8/2020 18:50,12,31.251
4/10/2020 19:34,9,31.25
4/10/2020 0:55,9,31.249
4/8/2020 17:14,12,31.248
4/10/2020 15:07,12,31.244
4/10/2020 22:46,9,31.244
4/8/2020 18:42,12,31.243
4/9/2020 21:09,12,31.243
4/10/2020 3:22,12,31.243
4/10/2020 22:45,9,31.242
4/9/2020 19:40,12,31.241
4/10/2020 15:34,9,31.241
4/10/2020 0:35,9,31.24
4/10/2020 12:16,9,31.24
4/10/2020 23:17,9,31.24
4/8/2020 18:44,12,31.239
4/8/2020 19:30,12,31.239
4/10/2020 23:07,12,31.239
4/9/2020 22:20,12,31.238
4/8/2020 19:59,12,31.237
4/10/2020 12:07,12,31.236
4/10/2020 8:31,9,31.235
4/10/2020 13:53,9,31.235
4/10/2020 17:17,12,31.235
4/10/2020 20:44,12,31.234
4/9/2020 16:24,12,31.233
4/10/2020 3:42,12,31.233
4/10/2020 16:57,12,31.232
4/9/2020 17:23,12,31.221
4/10/2020 18:05,9,31.221
4/9/2020 18:07,9,31.22
4/10/2020 20:57,9,31.22
4/8/2020 17:28,12,31.217
4/9/2020 21:57,12,31.216
4/8/2020 19:33,12,31.215
4/10/2020 5:50,9,31.215
4/9/2020 22:15,9,31.214
4/10/2020 18:54,12,31.214
4/10/2020 3:59,12,31.213
4/10/2020 12:29,12,31.212
4/10/2020 22:11,9,31.211
4/10/2020 23:34,12,31.211
4/10/2020 4:19,9,31.21
4/8/2020 19:39,12,31.208
4/9/2020 18:59,9,31.208
4/8/2020 19:24,12,31.207
4/10/2020 3:57,9,31.202
4/10/2020 18:24,12,31.201
4/10/2020 1:07,12,31.198
4/8/2020 18:18,12,31.197
4/8/2020 21:31,12,31.197
4/10/2020 17:45,12,31.197
4/9/2020 20:39,9,31.195
4/9/2020 19:01,12,31.194
4/10/2020 6:57,12,31.187
4/10/2020 12:23,9,31.187
4/10/2020 12:27,12,31.186
4/9/2020 18:39,12,31.185
4/9/2020 19:01,9,31.184
4/10/2020 21:01,9,31.184
4/10/2020 20:41,12,31.182
4/8/2020 19:11,12,31.18
4/10/2020 22:49,13,31.18
4/10/2020 15:30,9,31.178
4/9/2020 19:22,9,31.177
4/8/2020 17:39,12,31.176
4/10/2020 2:32,9,31.176
4/10/2020 3:28,9,31.176
4/10/2020 5:56,9,31.176
4/9/2020 20:34,12,31.173
4/10/2020 18:50,12,31.173
4/9/2020 15:45,9,31.171
4/8/2020 19:31,12,31.17
4/10/2020 17:35,9,31.17
4/10/2020 15:23,12,31.168
4/10/2020 15:59,9,31.166
4/9/2020 19:17,12,31.163
4/8/2020 19:08,12,31.162
4/10/2020 21:57,9,31.161
4/10/2020 17:31,12,31.158
4/10/2020 0:52,12,31.157
4/10/2020 18:57,9,31.157
4/8/2020 17:11,12,31.155
4/10/2020 21:55,9,31.152
4/10/2020 9:07,12,31.148
4/10/2020 6:29,9,31.147
4/10/2020 6:17,12,31.146
4/9/2020 20:44,4,31.145
4/10/2020 4:41,12,31.143
4/10/2020 2:30,9,31.139
4/10/2020 6:50,12,31.135
4/10/2020 22:30,9,31.134
4/10/2020 4:32,9,31.133
4/10/2020 7:21,9,31.132
4/10/2020 11:51,12,31.132
4/10/2020 22:49,9,31.129
4/8/2020 18:46,12,31.127
4/10/2020 4:59,9,31.124
4/10/2020 7:17,13,31.124
4/10/2020 11:08,9,31.123
4/9/2020 21:32,9,31.121
4/10/2020 21:12,6,31.12
4/10/2020 4:55,12,31.116
4/10/2020 3:36,12,31.115
4/10/2020 6:05,12,31.115
4/10/2020 18:09,12,31.114
4/10/2020 22:15,12,31.113
4/10/2020 5:31,12,31.109
4/10/2020 13:37,13,31.108
4/9/2020 15:16,12,31.107
4/10/2020 0:41,9,31.104
4/9/2020 8:05,12,31.102
4/10/2020 15:47,9,31.102
4/9/2020 15:19,9,31.101
4/10/2020 11:08,12,31.097
4/10/2020 0:34,12,31.096
4/10/2020 2:29,9,31.096
4/10/2020 15:48,9,31.094
4/8/2020 16:35,15,31.09
4/10/2020 9:27,12,31.09
4/9/2020 16:16,9,31.086
4/8/2020 18:57,12,31.085
4/9/2020 16:33,12,31.085
4/10/2020 15:11,9,31.085
4/8/2020 18:19,12,31.082
4/8/2020 16:17,15,31.081
4/9/2020 18:54,9,31.077
4/8/2020 20:16,12,31.075
4/10/2020 10:26,9,31.075
4/8/2020 18:08,12,31.074
4/10/2020 14:59,9,31.073
4/10/2020 15:30,9,31.072
4/10/2020 17:25,12,31.072
4/8/2020 20:44,12,31.071
4/10/2020 11:44,12,31.07
4/10/2020 23:39,12,31.069
4/9/2020 23:39,12,31.068
4/8/2020 19:46,12,31.067
4/10/2020 2:50,9,31.067
4/10/2020 11:21,12,31.067
4/9/2020 16:31,9,31.064
4/10/2020 14:32,9,31.064
4/8/2020 17:52,12,31.063
4/10/2020 20:57,12,31.063
4/8/2020 19:05,12,31.061
4/10/2020 18:03,9,31.061
4/9/2020 19:19,9,31.06
4/10/2020 15:07,9,31.057
4/9/2020 19:56,12,31.056
4/8/2020 19:56,12,31.055
4/8/2020 18:14,12,31.054
4/10/2020 8:27,9,31.053
4/9/2020 19:25,9,31.05
4/8/2020 19:11,12,31.049
4/8/2020 19:51,12,31.049
4/10/2020 12:51,12,31.045
4/10/2020 23:15,9,31.044
4/8/2020 20:27,12,31.042
4/10/2020 19:50,9,31.042
4/8/2020 20:10,12,31.041
4/8/2020 19:43,12,31.038
4/9/2020 22:10,12,31.038
4/8/2020 19:31,12,31.035
4/10/2020 22:41,9,31.035
4/10/2020 15:41,9,31.034
4/8/2020 19:13,12,31.033
4/9/2020 19:55,9,31.033
4/8/2020 20:15,12,31.031
4/8/2020 20:44,12,31.03
4/10/2020 17:45,9,31.029
4/8/2020 18:08,12,31.028
4/10/2020 16:02,12,31.028
4/10/2020 19:30,12,31.026
4/10/2020 21:49,9,31.024
4/9/2020 15:29,9,31.02
4/10/2020 16:18,9,31.02
4/8/2020 16:28,13,31.016
4/10/2020 23:48,9,31.012
4/9/2020 18:33,9,31.011
4/10/2020 22:58,12,31.011
4/9/2020 20:23,13,31.009
4/9/2020 20:32,12,31.009
4/8/2020 17:44,12,31.007
4/10/2020 16:38,12,31.005
4/8/2020 20:45,12,31.004
4/8/2020 19:02,12,31.003
4/9/2020 22:53,9,31.001
4/9/2020 23:30,9,30.999
4/8/2020 16:21,15,30.998
4/9/2020 21:40,9,30.998
4/10/2020 4:45,9,30.997
4/10/2020 20:14,13,30.997
4/10/2020 12:54,12,30.995
4/10/2020 22:27,12,30.995
4/10/2020 0:41,9,30.994
4/10/2020 8:46,12,30.994
4/8/2020 17:19,12,30.991
4/9/2020 17:51,9,30.991
4/10/2020 8:13,12,30.991
4/9/2020 22:42,9,30.99
4/10/2020 11:08,9,30.989
4/10/2020 20:56,12,30.989
4/8/2020 18:16,12,30.986
4/9/2020 17:32,9,30.986
4/8/2020 20:27,12,30.985
4/8/2020 17:25,12,30.983
4/10/2020 16:29,12,30.983
4/8/2020 16:19,15,30.98
4/8/2020 17:01,12,30.979
4/10/2020 0:37,9,30.978
4/10/2020 16:42,12,30.975
4/10/2020 19:37,12,30.975
4/10/2020 5:06,12,30.974
4/10/2020 7:26,9,30.974
4/8/2020 22:08,12,30.973
4/8/2020 17:52,12,30.97
4/10/2020 6:44,9,30.97
4/10/2020 14:32,12,30.97
4/10/2020 16:35,9,30.97
4/10/2020 23:32,9,30.97
4/9/2020 15:36,12,30.964
4/8/2020 20:34,12,30.963
4/8/2020 22:07,11,30.963
4/10/2020 9:00,12,30.963
4/10/2020 21:45,11,30.961
4/10/2020 9:19,12,30.957
4/9/2020 16:47,12,30.956
4/9/2020 20:51,9,30.955
4/10/2020 3:17,12,30.955
4/10/2020 18:17,9,30.955
4/8/2020 19:02,12,30.954
4/10/2020 10:58,12,30.951
4/10/2020 11:28,9,30.951
4/10/2020 18:29,12,30.95
4/10/2020 16:33,12,30.949
4/8/2020 17:07,12,30.948
4/10/2020 23:30,9,30.948
4/9/2020 20:58,12,30.946
4/9/2020 23:28,12,30.946
4/9/2020 18:03,9,30.945
4/10/2020 5:53,9,30.939
4/9/2020 21:48,12,30.938
4/9/2020 16:41,12,30.937
4/10/2020 18:29,12,30.936
4/9/2020 17:31,12,30.933
4/10/2020 21:10,12,30.932
4/10/2020 18:51,9,30.931
4/8/2020 18:49,12,30.93
4/8/2020 19:57,12,30.93
4/10/2020 1:00,9,30.929
4/10/2020 3:46,9,30.929
4/10/2020 10:55,9,30.928
4/10/2020 11:15,9,30.927
4/8/2020 20:47,12,30.926
4/9/2020 19:57,12,30.926
4/10/2020 19:22,9,30.926
4/10/2020 17:23,12,30.924
4/10/2020 16:48,12,30.923
4/8/2020 20:38,12,30.922
4/8/2020 19:28,12,30.921
4/10/2020 10:50,12,30.921
4/10/2020 22:30,12,30.921
4/8/2020 18:00,12,30.919
4/10/2020 7:40,12,30.918
4/10/2020 22:46,9,30.915
4/10/2020 13:38,12,30.913
4/10/2020 21:58,9,30.913
4/8/2020 16:19,15,30.909
4/10/2020 7:57,9,30.909
4/10/2020 14:28,9,30.909
4/10/2020 11:53,9,30.908
4/8/2020 19:54,12,30.907
4/10/2020 21:12,12,30.906
4/10/2020 9:58,9,30.905
4/10/2020 12:02,9,30.903
4/8/2020 17:32,12,30.901
4/9/2020 23:17,12,30.901
4/10/2020 5:45,12,30.9
4/8/2020 18:24,12,30.899
4/10/2020 21:03,12,30.898
4/10/2020 0:26,9,30.897
4/8/2020 19:49,12,30.896
4/9/2020 23:28,12,30.894
4/10/2020 1:51,12,30.893
4/8/2020 19:47,12,30.892
4/10/2020 11:34,12,30.892
4/10/2020 22:52,9,30.892
4/8/2020 17:29,12,30.891
4/8/2020 19:34,12,30.891
4/9/2020 11:43,14,30.89
4/9/2020 15:16,12,30.888
4/10/2020 23:26,12,30.888
4/8/2020 17:50,12,30.887
4/10/2020 0:32,9,30.883
4/10/2020 12:23,9,30.882
4/9/2020 16:37,9,30.88
4/10/2020 15:18,9,30.88
4/10/2020 5:34,9,30.879
4/8/2020 19:54,12,30.877
4/10/2020 20:17,12,30.876
4/10/2020 4:23,9,30.875
4/8/2020 20:23,12,30.874
4/10/2020 3:22,12,30.874
4/10/2020 11:58,12,30.874
4/8/2020 20:23,12,30.873
4/10/2020 19:25,12,30.871
4/8/2020 19:02,12,30.869
4/10/2020 12:23,12,30.869
4/9/2020 18:23,9,30.868
4/10/2020 17:57,9,30.868
4/10/2020 2:09,9,30.866
4/10/2020 12:15,12,30.864
4/10/2020 21:33,12,30.86
4/9/2020 20:14,12,30.857
4/10/2020 11:18,12,30.857
4/9/2020 23:01,12,30.856
4/10/2020 4:27,9,30.856
4/10/2020 20:50,9,30.854
4/8/2020 17:55,12,30.851
4/8/2020 20:27,12,30.849
4/8/2020 20:42,12,30.848
4/10/2020 8:35,12,30.848
4/9/2020 19:40,12,30.847
4/10/2020 23:05,12,30.843
4/10/2020 23:17,9,30.842
4/8/2020 17:31,12,30.836
4/9/2020 15:30,12,30.833
4/10/2020 19:27,9,30.833
4/10/2020 19:49,9,30.831
4/10/2020 14:36,12,30.83
4/8/2020 16:50,12,30.826
4/10/2020 19:36,12,30.826
4/10/2020 19:27,12,30.82
4/9/2020 19:52,9,30.819
4/10/2020 22:22,9,30.819
4/8/2020 18:52,12,30.818
4/10/2020 11:46,9,30.817
4/10/2020 9:48,9,30.814
4/10/2020 17:32,9,30.814
4/9/2020 16:04,9,30.813
4/10/2020 21:31,12,30.811
4/8/2020 20:41,12,30.81
4/8/2020 19:39,12,30.809
4/9/2020 19:50,13,30.809
4/8/2020 19:20,12,30.807
4/9/2020 15:06,12,30.807
4/9/2020 22:09,12,30.807
4/10/2020 22:44,9,30.806
4/8/2020 17:41,12,30.803
4/10/2020 13:39,12,30.803
4/9/2020 17:51,9,30.798
4/9/2020 22:49,12,30.796
4/8/2020 17:38,12,30.794
4/9/2020 18:13,9,30.794
4/9/2020 18:43,9,30.792
4/10/2020 0:26,12,30.792
4/10/2020 14:46,12,30.792
4/10/2020 8:31,9,30.79
4/10/2020 3:55,12,30.789
4/8/2020 19:47,12,30.778
4/9/2020 21:10,9,30.778
4/9/2020 23:08,9,30.778
4/10/2020 14:54,12,30.778
4/10/2020 20:21,13,30.777
4/8/2020 19:20,12,30.776
4/10/2020 11:29,9,30.776
4/10/2020 16:07,9,30.772
4/10/2020 22:35,9,30.771
4/9/2020 21:24,12,30.768
4/10/2020 16:48,12,30.768
4/10/2020 21:45,12,30.768
4/9/2020 22:47,9,30.767
4/10/2020 9:57,12,30.766
4/10/2020 21:24,12,30.766
4/8/2020 18:56,12,30.764
4/10/2020 0:36,12,30.763
4/10/2020 18:49,9,30.763
4/8/2020 20:20,12,30.762
4/10/2020 1:17,12,30.762
4/10/2020 7:06,12,30.76
4/10/2020 17:17,12,30.756
4/10/2020 11:48,9,30.754
4/10/2020 13:43,12,30.753
4/10/2020 4:06,9,30.752
4/10/2020 9:56,9,30.752
4/10/2020 7:16,12,30.751
4/9/2020 20:31,9,30.75
4/10/2020 11:33,12,30.747
4/10/2020 20:38,12,30.745
4/10/2020 1:23,9,30.744
4/10/2020 2:08,9,30.744
4/9/2020 16:57,9,30.741
4/10/2020 12:01,9,30.741
4/10/2020 20:57,12,30.74
4/9/2020 21:54,12,30.739
4/8/2020 16:39,12,30.738
4/10/2020 11:54,12,30.738
4/10/2020 18:48,6,30.738
4/9/2020 20:54,12,30.736
4/9/2020 22:07,9,30.736
4/10/2020 10:40,12,30.731
4/8/2020 20:16,12,30.73
4/10/2020 19:01,12,30.728
4/9/2020 19:49,12,30.723
4/10/2020 17:32,9,30.723
4/8/2020 20:15,12,30.721
4/10/2020 14:58,9,30.721
4/9/2020 8:05,12,30.719
4/10/2020 6:54,12,30.718
4/10/2020 18:14,12,30.718
4/10/2020 19:05,12,30.717
4/9/2020 15:25,12,30.716
4/10/2020 9:51,9,30.711
4/10/2020 9:08,9,30.71
4/9/2020 6:38,12,30.709
4/10/2020 6:40,12,30.709
4/9/2020 16:38,9,30.707
4/9/2020 17:16,9,30.706
4/10/2020 12:47,12,30.706
4/10/2020 14:43,12,30.706
4/9/2020 19:29,12,30.704
4/10/2020 3:14,12,30.703
4/10/2020 11:16,9,30.703
4/8/2020 20:38,12,30.702
4/8/2020 21:31,12,30.702
4/10/2020 19:08,12,30.702
4/8/2020 19:04,12,30.7
4/10/2020 13:14,9,30.7
4/10/2020 16:48,9,30.7
4/10/2020 20:44,9,30.697
4/9/2020 17:21,12,30.696
4/8/2020 20:40,12,30.692
4/8/2020 17:24,12,30.691
4/10/2020 22:08,12,30.689
4/10/2020 15:42,12,30.688
4/10/2020 5:30,9,30.687
4/10/2020 18:43,12,30.687
4/10/2020 20:43,1,30.687
4/10/2020 1:55,12,30.683
4/10/2020 19:03,9,30.683
4/8/2020 16:17,15,30.682
4/8/2020 16:54,12,30.682
4/8/2020 18:53,12,30.682
4/8/2020 20:24,12,30.682
4/9/2020 15:42,9,30.682
4/10/2020 21:03,4,30.681
4/10/2020 21:37,12,30.681
4/10/2020 8:22,12,30.68
4/10/2020 10:54,9,30.679
4/10/2020 17:00,12,30.679
4/10/2020 23:41,9,30.677
4/10/2020 3:27,12,30.674
4/10/2020 18:30,12,30.674
4/10/2020 21:41,12,30.674
4/9/2020 23:45,9,30.671
4/9/2020 23:39,9,30.669
4/10/2020 11:10,13,30.669
4/10/2020 6:55,12,30.666
4/10/2020 2:39,9,30.664
4/9/2020 21:16,9,30.662
4/10/2020 10:40,12,30.661
4/8/2020 16:19,13,30.66
4/8/2020 19:28,12,30.66
4/9/2020 22:05,9,30.66
4/10/2020 15:06,12,30.657
4/10/2020 4:40,12,30.656
4/10/2020 15:06,9,30.652
4/10/2020 20:31,12,30.652
4/10/2020 14:26,12,30.648
4/10/2020 18:02,9,30.647
4/10/2020 6:46,9,30.646
4/8/2020 18:09,12,30.644
4/8/2020 18:45,12,30.644
4/8/2020 20:02,12,30.644
4/9/2020 16:05,9,30.644
4/10/2020 20:46,9,30.644
4/9/2020 19:36,12,30.643
4/9/2020 21:29,12,30.643
4/10/2020 19:27,9,30.643
4/10/2020 0:30,9,30.642
4/10/2020 22:28,9,30.642
4/10/2020 14:39,12,30.64
4/10/2020 14:51,12,30.64
4/8/2020 19:08,12,30.639
4/10/2020 7:40,12,30.638
4/10/2020 19:33,12,30.637
4/10/2020 22:23,12,30.635
4/10/2020 23:05,9,30.635
4/9/2020 21:16,9,30.634
4/8/2020 17:43,12,30.633
4/8/2020 19:01,12,30.632
4/10/2020 9:31,12,30.632
4/10/2020 2:27,9,30.63
4/9/2020 15:35,9,30.627
4/10/2020 7:06,9,30.627
4/8/2020 19:38,12,30.625
4/10/2020 18:39,9,30.625
4/10/2020 6:23,12,30.619
4/8/2020 20:09,12,30.618
4/10/2020 11:00,9,30.618
4/8/2020 10:42,14,30.616
4/8/2020 19:59,12,30.616
4/8/2020 20:24,12,30.616
4/9/2020 22:23,9,30.612
4/8/2020 19:42,12,30.611
4/9/2020 22:12,9,30.611
4/8/2020 20:22,12,30.609
4/10/2020 21:32,12,30.609
4/10/2020 16:21,12,30.608
4/10/2020 21:27,9,30.608
4/10/2020 23:23,9,30.608
4/8/2020 20:16,12,30.607
4/10/2020 16:15,13,30.607
4/8/2020 17:19,12,30.606
4/9/2020 22:26,12,30.606
4/10/2020 23:47,12,30.606
4/9/2020 19:03,12,30.604
4/10/2020 6:48,12,30.604
4/10/2020 19:44,12,30.604
4/9/2020 18:13,9,30.602
4/10/2020 16:24,12,30.602
4/8/2020 20:21,12,30.6
4/10/2020 0:57,9,30.6
4/10/2020 3:26,9,30.6
4/8/2020 20:36,12,30.599
4/10/2020 4:29,9,30.599
4/8/2020 18:45,12,30.598
4/10/2020 9:54,9,30.598
4/10/2020 22:11,12,30.595
4/10/2020 5:05,9,30.593
4/10/2020 12:24,14,30.593
4/9/2020 22:25,9,30.591
4/10/2020 4:40,9,30.591
4/10/2020 10:01,12,30.59
4/10/2020 21:33,9,30.59
4/10/2020 14:30,12,30.588
4/10/2020 19:10,9,30.587
4/9/2020 19:39,12,30.584
4/10/2020 10:14,9,30.584
4/9/2020 18:13,12,30.581
4/9/2020 20:46,4,30.58
4/10/2020 3:19,9,30.58
4/10/2020 16:25,12,30.58
4/10/2020 2:41,9,30.579
4/9/2020 23:13,12,30.578
4/10/2020 16:11,9,30.578
4/10/2020 22:35,12,30.578
4/8/2020 17:45,12,30.577
4/8/2020 18:33,12,30.577
4/9/2020 16:42,12,30.577
4/10/2020 20:15,13,30.576
4/9/2020 18:14,9,30.575
4/8/2020 20:56,12,30.573
4/10/2020 22:38,9,30.573
4/9/2020 18:26,14,30.571
4/10/2020 13:54,12,30.571
4/10/2020 22:47,9,30.568
4/8/2020 19:25,12,30.567
4/10/2020 12:24,14,30.567
4/10/2020 19:54,12,30.566
4/10/2020 13:32,9,30.564
4/9/2020 23:33,9,30.563
4/8/2020 17:15,12,30.561
4/8/2020 17:19,12,30.561
4/9/2020 18:14,9,30.56
4/9/2020 20:19,12,30.56
4/9/2020 16:10,9,30.558
4/10/2020 2:27,9,30.558
4/10/2020 18:46,9,30.556
4/10/2020 18:49,9,30.556
4/8/2020 20:46,12,30.555
4/10/2020 18:47,9,30.555
4/10/2020 3:35,9,30.551
4/10/2020 4:24,9,30.551
4/10/2020 1:17,9,30.549
4/9/2020 22:45,9,30.547
4/8/2020 20:51,12,30.544
4/9/2020 21:09,9,30.544
4/8/2020 17:54,12,30.543
4/10/2020 18:52,12,30.543
4/9/2020 16:10,12,30.542
4/10/2020 0:04,12,30.54
4/10/2020 2:20,9,30.539
4/10/2020 11:09,9,30.539
4/10/2020 16:29,9,30.539
4/9/2020 22:52,9,30.538
4/10/2020 15:14,9,30.538
4/10/2020 19:54,12,30.538
4/10/2020 5:54,9,30.537
4/10/2020 20:26,9,30.536
4/10/2020 22:38,9,30.536
4/10/2020 7:52,12,30.532
4/10/2020 18:27,9,30.532
4/10/2020 13:13,12,30.531
4/10/2020 19:28,12,30.53
4/10/2020 4:12,9,30.527
4/10/2020 6:30,9,30.526
4/10/2020 4:47,9,30.525
4/9/2020 18:08,12,30.524
4/10/2020 14:28,9,30.524
4/8/2020 16:30,13,30.523
4/10/2020 13:58,9,30.523
4/10/2020 20:30,12,30.52
4/10/2020 7:10,12,30.518
4/10/2020 1:44,9,30.517
4/10/2020 11:33,9,30.516
4/8/2020 18:34,12,30.515
4/9/2020 19:24,9,30.514
4/9/2020 15:30,9,30.512
4/10/2020 22:23,12,30.512
4/10/2020 14:54,12,30.511
4/10/2020 8:46,12,30.51
4/10/2020 5:54,12,30.509
4/9/2020 21:14,9,30.507
4/9/2020 23:55,9,30.506
4/10/2020 10:59,12,30.506
4/9/2020 19:39,9,30.505
4/8/2020 17:39,12,30.502
4/9/2020 22:29,9,30.502
4/10/2020 15:05,9,30.501
4/10/2020 4:23,9,30.498
4/10/2020 10:13,12,30.498
4/10/2020 17:56,9,30.498
4/9/2020 18:37,9,30.496
4/10/2020 6:24,9,30.495
4/8/2020 20:55,12,30.493
4/9/2020 20:51,12,30.489
4/8/2020 18:07,12,30.487
4/10/2020 19:28,12,30.487
4/10/2020 23:17,9,30.487
4/8/2020 18:24,12,30.485
4/8/2020 20:10,12,30.484
4/9/2020 16:28,9,30.483
4/9/2020 23:51,12,30.482
4/10/2020 6:02,9,30.482
4/10/2020 6:16,12,30.482
4/9/2020 15:44,9,30.48
4/10/2020 3:36,12,30.476
4/10/2020 1:51,9,30.475
4/8/2020 16:53,12,30.474
4/9/2020 23:50,9,30.474
4/10/2020 0:01,9,30.473
4/10/2020 8:37,12,30.473
4/10/2020 4:51,12,30.469
4/10/2020 17:26,12,30.469
4/10/2020 5:19,12,30.467
4/10/2020 16:58,12,30.467
4/10/2020 5:23,12,30.465
4/10/2020 15:11,12,30.465
4/10/2020 8:38,12,30.464
4/10/2020 19:19,12,30.462
4/10/2020 22:34,9,30.462
4/9/2020 18:37,9,30.46
4/8/2020 20:26,12,30.459
4/10/2020 9:50,9,30.458
4/8/2020 20:22,12,30.457
4/10/2020 2:09,12,30.454
4/10/2020 2:55,9,30.454
4/9/2020 23:35,12,30.452
4/9/2020 20:25,12,30.451
4/9/2020 23:27,9,30.451
4/10/2020 9:55,12,30.451
4/10/2020 11:11,12,30.449
4/10/2020 20:09,9,30.449
4/9/2020 15:15,9,30.448
4/10/2020 8:10,9,30.448
4/8/2020 21:33,12,30.447
4/10/2020 8:31,12,30.445
4/8/2020 16:40,13,30.444
4/8/2020 17:10,12,30.442
4/10/2020 14:21,9,30.442
4/10/2020 5:36,9,30.439
4/10/2020 11:39,12,30.439
4/10/2020 14:00,12,30.438
4/9/2020 23:49,12,30.437
4/10/2020 4:18,12,30.437
4/10/2020 15:17,9,30.436
4/10/2020 16:24,9,30.436
4/10/2020 2:11,12,30.435
4/10/2020 16:10,9,30.435
4/8/2020 19:54,12,30.433
4/10/2020 6:04,9,30.432
4/10/2020 16:05,12,30.432
4/8/2020 17:31,12,30.431
4/9/2020 19:41,9,30.431
4/10/2020 11:55,9,30.428
4/10/2020 21:36,9,30.428
4/10/2020 14:04,12,30.426
4/10/2020 16:08,12,30.423
4/8/2020 19:46,12,30.422
4/10/2020 6:53,9,30.421
4/8/2020 20:50,12,30.42
4/10/2020 13:19,9,30.42
4/10/2020 20:09,13,30.42
4/9/2020 18:54,12,30.419
4/10/2020 16:33,9,30.419
4/9/2020 22:50,9,30.417
4/10/2020 19:04,12,30.417
4/10/2020 21:08,15,30.417
4/8/2020 17:32,12,30.416
4/8/2020 19:45,12,30.416
4/9/2020 15:41,12,30.416
4/10/2020 9:26,12,30.414
4/10/2020 20:11,14,30.413
4/10/2020 20:48,12,30.413
4/8/2020 20:41,12,30.412
4/10/2020 21:49,12,30.41
4/10/2020 13:41,12,30.409
4/10/2020 20:46,12,30.407
4/9/2020 6:08,11,30.406
4/10/2020 8:19,12,30.406
4/10/2020 6:50,9,30.405
4/8/2020 18:28,12,30.404
4/8/2020 19:52,12,30.404
4/10/2020 21:41,9,30.404
4/10/2020 9:14,9,30.403
4/9/2020 22:18,9,30.402
4/10/2020 13:58,12,30.402
4/10/2020 6:41,9,30.4
4/10/2020 23:41,9,30.4
4/10/2020 18:42,12,30.399
4/8/2020 19:20,12,30.397
4/10/2020 12:21,9,30.395
4/9/2020 19:58,9,30.394
4/8/2020 17:42,12,30.392
4/8/2020 17:22,12,30.391
4/10/2020 22:13,9,30.391
4/10/2020 11:54,12,30.388
4/9/2020 17:30,12,30.387
4/9/2020 16:41,9,30.386
4/10/2020 18:52,12,30.386
4/10/2020 19:42,12,30.385
4/10/2020 20:28,12,30.385
4/10/2020 11:10,9,30.384
4/10/2020 20:02,12,30.381
4/10/2020 18:16,9,30.38
4/10/2020 23:11,12,30.38
4/8/2020 18:44,12,30.379
4/10/2020 9:22,12,30.379
4/10/2020 21:33,9,30.379
4/10/2020 17:23,9,30.377
4/10/2020 11:26,12,30.376
4/8/2020 20:19,12,30.375
4/8/2020 20:52,12,30.375
4/10/2020 20:30,12,30.375
4/10/2020 18:57,12,30.373
4/8/2020 17:40,12,30.372
4/10/2020 6:08,9,30.372
4/10/2020 11:07,9,30.369
4/10/2020 19:48,9,30.369
4/10/2020 23:42,9,30.369
4/10/2020 5:35,9,30.368
4/9/2020 7:35,13,30.365
4/8/2020 20:30,12,30.364
4/9/2020 15:08,9,30.364
4/10/2020 3:38,12,30.364
4/10/2020 17:24,12,30.364
4/9/2020 17:22,9,30.359
4/10/2020 0:26,9,30.358
4/10/2020 3:48,9,30.357
4/10/2020 8:17,12,30.357
4/10/2020 10:30,12,30.356
4/10/2020 6:17,12,30.355
4/9/2020 19:09,9,30.354
4/10/2020 11:54,9,30.354
4/10/2020 15:34,12,30.354
4/9/2020 17:53,9,30.352
4/10/2020 0:57,12,30.35
4/10/2020 10:00,9,30.349
4/10/2020 17:03,12,30.349
4/10/2020 17:51,12,30.349
4/10/2020 1:01,12,30.344
4/10/2020 20:17,9,30.343
4/10/2020 17:10,9,30.341
4/8/2020 18:48,12,30.34
4/10/2020 16:42,12,30.338
4/10/2020 16:14,12,30.336
4/9/2020 16:17,9,30.334
4/9/2020 22:15,12,30.334
4/10/2020 12:32,9,30.334
4/10/2020 19:22,12,30.332
4/8/2020 20:10,12,30.331
4/10/2020 15:50,9,30.331
4/8/2020 20:29,12,30.33
4/9/2020 15:08,12,30.329
4/9/2020 20:14,9,30.329
4/10/2020 18:08,12,30.327
4/10/2020 20:33,9,30.327
4/10/2020 16:48,9,30.326
4/10/2020 10:39,12,30.325
4/8/2020 21:31,12,30.323
4/10/2020 9:29,12,30.323
4/10/2020 23:38,12,30.323
4/9/2020 22:30,9,30.319
4/10/2020 1:12,12,30.318
4/10/2020 4:45,9,30.316
4/10/2020 20:16,14,30.316
4/9/2020 19:22,9,30.315
4/10/2020 4:39,12,30.314
4/10/2020 20:45,12,30.314
4/9/2020 16:14,9,30.313
4/8/2020 19:47,12,30.31
4/10/2020 5:58,12,30.307
4/10/2020 9:30,9,30.307
4/9/2020 21:32,9,30.306
4/10/2020 3:31,12,30.304
4/8/2020 16:55,12,30.299
4/10/2020 14:42,12,30.299
4/10/2020 4:30,9,30.298
4/10/2020 10:12,12,30.296
4/10/2020 14:16,12,30.296
4/10/2020 13:23,9,30.295
4/10/2020 0:32,12,30.294
4/10/2020 20:13,9,30.293
4/10/2020 10:56,12,30.292
4/10/2020 13:32,12,30.292
4/10/2020 8:10,9,30.291
4/10/2020 20:08,9,30.287
4/10/2020 7:28,9,30.286
4/10/2020 22:43,9,30.286
4/8/2020 17:15,12,30.284
4/8/2020 18:06,12,30.282
4/10/2020 2:06,9,30.282
4/8/2020 17:25,12,30.281
4/9/2020 19:36,12,30.281
4/10/2020 17:42,9,30.281
4/9/2020 18:05,9,30.28
4/10/2020 1:50,12,30.28
4/8/2020 20:49,12,30.279
4/9/2020 19:34,12,30.279
4/9/2020 16:02,12,30.278
4/10/2020 22:53,9,30.278
4/10/2020 23:48,12,30.277
4/10/2020 17:08,9,30.276
4/8/2020 17:52,12,30.275
4/10/2020 20:04,9,30.274
4/8/2020 18:17,12,30.272
4/10/2020 18:14,9,30.272
4/10/2020 19:16,9,30.272
4/10/2020 2:31,9,30.271
4/8/2020 19:23,12,30.269
4/10/2020 21:01,12,30.269
4/8/2020 18:40,12,30.264
4/10/2020 22:18,9,30.264
4/10/2020 23:13,6,30.263
4/9/2020 23:57,12,30.261
4/10/2020 5:28,9,30.261
4/10/2020 6:19,9,30.261
4/9/2020 15:11,9,30.26
4/10/2020 14:29,9,30.26
4/10/2020 17:14,12,30.26
4/10/2020 19:52,12,30.26
4/10/2020 14:25,9,30.258
4/8/2020 16:41,13,30.257
4/8/2020 20:07,12,30.256
4/8/2020 20:27,12,30.256
4/10/2020 11:52,9,30.256
4/8/2020 17:36,12,30.255
4/10/2020 13:26,9,30.255
4/10/2020 2:16,12,30.254
4/10/2020 8:11,9,30.254
4/10/2020 9:37,6,30.254
4/10/2020 17:58,12,30.254
4/8/2020 18:13,12,30.252
4/9/2020 18:17,12,30.252
4/10/2020 17:13,12,30.252
4/8/2020 17:56,12,30.251
4/9/2020 22:54,9,30.25
4/10/2020 9:33,9,30.25
4/8/2020 20:50,12,30.249
4/10/2020 7:37,12,30.249
4/10/2020 17:41,9,30.249
4/10/2020 21:45,12,30.249
4/8/2020 18:49,12,30.248
4/8/2020 20:05,12,30.246
4/8/2020 16:53,12,30.245
4/9/2020 20:20,12,30.245
4/8/2020 18:55,12,30.243
4/10/2020 2:58,12,30.243
4/8/2020 18:17,12,30.242
4/9/2020 20:05,12,30.24
4/10/2020 23:28,9,30.24
4/10/2020 15:14,12,30.239
4/10/2020 23:51,12,30.236
4/10/2020 9:28,9,30.235
4/10/2020 12:06,12,30.233
4/10/2020 12:41,9,30.233
4/10/2020 19:14,1,30.231
4/10/2020 1:36,12,30.229
4/8/2020 19:01,12,30.228
4/10/2020 19:07,12,30.225
4/10/2020 15:21,12,30.224
4/8/2020 18:49,12,30.222
4/8/2020 18:06,12,30.221
4/9/2020 17:50,9,30.221
4/10/2020 13:18,12,30.219
4/10/2020 20:57,9,30.219
4/10/2020 17:38,9,30.218
4/8/2020 19:21,12,30.215
4/9/2020 16:50,9,30.215
4/9/2020 22:07,12,30.215
4/9/2020 19:29,12,30.214
4/10/2020 14:23,9,30.214
4/8/2020 17:09,12,30.213
4/8/2020 17:27,12,30.212
4/10/2020 2:47,12,30.212
4/10/2020 6:38,12,30.212
4/10/2020 8:40,12,30.212
4/10/2020 1:25,12,30.211
4/8/2020 19:01,12,30.21
4/10/2020 7:28,12,30.21
4/10/2020 10:21,9,30.209
4/8/2020 17:45,12,30.206
4/9/2020 21:53,12,30.205
4/10/2020 15:32,12,30.204
4/10/2020 4:22,12,30.203
4/10/2020 6:35,12,30.203
4/10/2020 11:49,12,30.201
4/9/2020 9:41,12,30.2
4/10/2020 3:16,12,30.199
4/10/2020 22:58,12,30.197
4/8/2020 19:36,12,30.196
4/8/2020 20:07,12,30.196
4/10/2020 20:28,9,30.196
4/9/2020 22:12,9,30.195
4/10/2020 4:46,12,30.193
4/10/2020 1:42,12,30.191
4/10/2020 2:20,9,30.191
4/10/2020 4:43,12,30.19
4/10/2020 13:29,12,30.19
4/9/2020 23:40,9,30.189
4/9/2020 20:44,4,30.188
4/9/2020 23:16,9,30.188
4/10/2020 19:04,12,30.187
4/10/2020 13:30,9,30.185
4/10/2020 19:12,9,30.185
4/9/2020 15:57,9,30.184
4/9/2020 19:39,12,30.183
4/10/2020 19:22,12,30.182
4/8/2020 20:40,12,30.181
4/8/2020 17:26,12,30.18
4/8/2020 18:36,12,30.18
4/8/2020 19:29,12,30.179
4/10/2020 20:33,12,30.177
4/9/2020 20:33,12,30.176
4/9/2020 18:48,9,30.175
4/10/2020 20:55,15,30.174
4/8/2020 20:43,12,30.173
4/10/2020 9:16,9,30.173
4/10/2020 18:06,9,30.17
4/10/2020 0:56,9,30.169
4/8/2020 17:56,12,30.168
4/9/2020 21:10,9,30.168
4/10/2020 7:29,12,30.166
4/10/2020 10:52,9,30.166
4/10/2020 13:43,12,30.166
4/10/2020 19:38,12,30.165
4/10/2020 0:00,9,30.164
4/10/2020 15:13,4,30.164
4/10/2020 3:58,4,30.163
4/10/2020 8:58,12,30.162
4/10/2020 9:13,12,30.161
4/10/2020 20:16,14,30.16
4/8/2020 19:38,12,30.158
4/9/2020 23:16,12,30.156
4/10/2020 16:05,12,30.156
4/10/2020 14:20,12,30.155
4/10/2020 18:02,12,30.155
4/8/2020 19:41,12,30.154
4/9/2020 19:35,9,30.152
4/10/2020 3:41,12,30.152
4/10/2020 11:54,9,30.152
4/10/2020 19:26,9,30.152
4/10/2020 17:21,12,30.15
4/10/2020 4:50,9,30.149
4/10/2020 17:30,12,30.147
4/8/2020 19:48,12,30.146
4/9/2020 17:49,9,30.146
4/10/2020 18:31,9,30.144
4/8/2020 17:20,12,30.142
4/8/2020 19:01,12,30.141
4/9/2020 22:13,12,30.141
4/9/2020 22:45,12,30.141
4/10/2020 12:55,9,30.139
4/10/2020 22:07,9,30.138
4/9/2020 23:38,12,30.137
4/10/2020 9:23,12,30.137
4/10/2020 14:17,12,30.132
4/8/2020 20:31,12,30.131
4/10/2020 5:41,9,30.131
4/8/2020 18:48,12,30.13
4/10/2020 10:43,12,30.13
4/10/2020 11:01,9,30.129
4/8/2020 17:55,12,30.125
4/9/2020 21:29,12,30.125
4/10/2020 11:32,12,30.125
4/8/2020 18:36,12,30.124
4/8/2020 19:45,12,30.123
4/10/2020 17:54,9,30.123
4/10/2020 21:11,12,30.123
4/10/2020 22:33,9,30.122
4/10/2020 22:59,9,30.122
4/9/2020 16:31,12,30.121
4/10/2020 7:36,9,30.12
4/10/2020 16:33,9,30.12
4/10/2020 14:27,9,30.119
4/8/2020 20:40,12,30.118
4/10/2020 6:23,12,30.116
4/8/2020 17:37,12,30.115
4/8/2020 20:29,12,30.115
4/8/2020 19:00,12,30.112
4/10/2020 0:26,12,30.112
4/10/2020 6:46,12,30.111
4/8/2020 17:33,12,30.11
4/10/2020 8:10,9,30.108
4/10/2020 10:38,9,30.104
4/10/2020 16:00,1,30.104
4/10/2020 18:02,12,30.103
4/10/2020 9:30,12,30.1
4/10/2020 18:29,9,30.1
4/8/2020 18:36,12,30.098
4/10/2020 3:19,12,30.098
4/10/2020 21:14,9,30.098
4/9/2020 15:50,12,30.097
4/9/2020 18:11,12,30.097
4/10/2020 20:35,12,30.096
4/9/2020 18:19,12,30.094
4/9/2020 20:35,13,30.093
4/10/2020 13:51,9,30.092
4/10/2020 11:55,12,30.091
4/8/2020 20:00,12,30.09
4/10/2020 2:38,12,30.09
4/10/2020 5:49,12,30.09
4/10/2020 10:33,9,30.09
4/10/2020 17:31,9,30.09
4/8/2020 17:36,12,30.089
4/10/2020 0:27,9,30.089
4/10/2020 20:40,12,30.089
4/9/2020 18:28,12,30.088
4/9/2020 22:49,12,30.088
4/9/2020 23:51,9,30.087
4/8/2020 20:55,12,30.086
4/10/2020 6:40,9,30.086
4/9/2020 22:24,9,30.084
4/8/2020 19:50,12,30.083
4/10/2020 7:19,12,30.081
4/10/2020 12:13,9,30.08
4/10/2020 20:25,9,30.079
4/8/2020 17:40,12,30.078
4/8/2020 17:25,12,30.076
4/8/2020 18:13,12,30.075
4/8/2020 18:45,12,30.074
4/10/2020 21:56,12,30.074
4/8/2020 19:38,12,30.073
4/10/2020 6:40,9,30.073
4/9/2020 15:44,9,30.072
4/10/2020 9:22,9,30.072
4/8/2020 17:42,12,30.07
4/10/2020 5:23,12,30.07
4/10/2020 0:41,9,30.069
4/8/2020 21:29,12,30.068
4/10/2020 1:00,12,30.068
4/10/2020 7:55,9,30.068
4/10/2020 7:24,9,30.067
4/10/2020 21:30,9,30.067
4/9/2020 21:17,9,30.066
4/10/2020 22:29,12,30.066
4/10/2020 10:56,12,30.064
4/10/2020 12:30,12,30.064
4/10/2020 14:22,9,30.064
4/10/2020 14:28,12,30.063
4/10/2020 22:05,9,30.062
4/8/2020 18:52,12,30.061
4/10/2020 20:08,12,30.059
4/8/2020 19:38,12,30.058
4/10/2020 1:40,12,30.056
4/8/2020 19:36,12,30.055
4/10/2020 14:05,12,30.055
4/8/2020 20:25,12,30.054
4/10/2020 15:19,9,30.054
4/10/2020 23:48,9,30.054
4/10/2020 18:38,12,30.053
4/10/2020 13:16,12,30.052
4/10/2020 21:22,12,30.052
4/10/2020 6:58,9,30.051
4/10/2020 17:40,9,30.051
4/10/2020 21:31,11,30.051
4/10/2020 12:16,12,30.05
4/8/2020 17:33,12,30.048
4/9/2020 17:38,12,30.048
4/9/2020 17:29,12,30.047
4/10/2020 21:06,9,30.047
4/10/2020 21:04,9,30.045
4/10/2020 16:24,9,30.044
4/8/2020 17:21,12,30.043
4/9/2020 22:57,9,30.042
4/10/2020 1:06,9,30.042
4/8/2020 17:09,12,30.041
4/8/2020 18:06,12,30.041
4/10/2020 20:32,12,30.04
4/10/2020 12:36,9,30.039
4/8/2020 19:14,12,30.038
4/10/2020 17:23,9,30.038
4/10/2020 23:18,9,30.038
4/8/2020 18:08,12,30.037
4/9/2020 22:59,12,30.037
4/10/2020 15:34,12,30.036
4/9/2020 16:03,12,30.035
4/10/2020 2:01,9,30.034
4/10/2020 9:01,12,30.034
4/10/2020 14:17,9,30.034
4/9/2020 17:55,12,30.031
4/9/2020 16:21,12,30.03
4/8/2020 19:29,12,30.029
4/9/2020 22:35,12,30.029
4/10/2020 16:51,12,30.028
4/8/2020 19:02,12,30.027
4/10/2020 13:02,9,30.027
4/10/2020 14:09,11,30.027
4/9/2020 21:05,9,30.025
4/9/2020 20:23,9,30.024
4/10/2020 14:41,12,30.023
4/8/2020 16:29,15,30.022
4/9/2020 20:39,13,30.022
4/9/2020 18:42,9,30.021
4/8/2020 17:29,12,30.02
4/9/2020 22:28,12,30.02
4/10/2020 19:06,12,30.02
4/9/2020 20:31,12,30.018
4/10/2020 1:56,12,30.018
4/8/2020 19:18,12,30.017
4/9/2020 19:44,12,30.015
4/8/2020 17:16,12,30.014
4/10/2020 12:39,12,30.013
4/9/2020 17:21,12,30.012
4/10/2020 12:40,12,30.012
4/10/2020 16:13,12,30.012
4/10/2020 13:01,12,30.01
4/10/2020 16:24,12,30.01
4/10/2020 3:41,12,30.007
4/9/2020 22:33,12,30.004
4/10/2020 6:44,9,30.003
4/10/2020 11:34,12,30.003
4/8/2020 20:42,12,30.002
4/9/2020 19:23,11,30.002
4/10/2020 20:57,9,30
